,,count,count,count
cohort,,0,1,2
protein,missing_status,,,
0,0,38,18,12
0,1,11,3,3
1,0,19,14,7
1,1,30,7,8
2,0,30,18,6
2,1,19,3,9
3,0,30,19,10
3,1,19,2,5
4,0,34,20,9
4,1,15,1,6
5,0,49,21,15
5,1,0,0,0
6,0,37,18,10
6,1,12,3,5
7,0,37,20,10
7,1,12,1,5
8,0,38,20,13
8,1,11,1,2
9,0,46,21,15
9,1,3,0,0
10,0,49,21,15
10,1,0,0,0
11,0,26,13,8
11,1,23,8,7
12,0,47,21,15
12,1,2,0,0
13,0,40,18,10
13,1,9,3,5
14,0,49,21,15
14,1,0,0,0
15,0,46,19,13
15,1,3,2,2
16,0,49,21,15
16,1,0,0,0
17,0,5,6,2
17,1,44,15,13
18,0,49,20,15
18,1,0,1,0
19,0,49,21,15
19,1,0,0,0
20,0,25,17,9
20,1,24,4,6
21,0,49,21,15
21,1,0,0,0
22,0,49,21,14
22,1,0,0,1
23,0,23,16,7
23,1,26,5,8
24,0,49,21,15
24,1,0,0,0
25,0,45,17,15
25,1,4,4,0
26,0,47,20,15
26,1,2,1,0
27,0,34,18,9
27,1,15,3,6
28,0,46,19,13
28,1,3,2,2
29,0,20,11,9
29,1,29,10,6
30,0,49,21,15
30,1,0,0,0
31,0,26,15,8
31,1,23,6,7
32,0,47,20,15
32,1,2,1,0
33,0,47,20,14
33,1,2,1,1
34,0,49,21,15
34,1,0,0,0
35,0,49,21,15
35,1,0,0,0
36,0,34,17,10
36,1,15,4,5
37,0,48,21,15
37,1,1,0,0
38,0,27,16,6
38,1,22,5,9
39,0,49,21,15
39,1,0,0,0
40,0,46,19,13
40,1,3,2,2
41,0,49,21,15
41,1,0,0,0
42,0,49,21,15
42,1,0,0,0
43,0,49,21,15
43,1,0,0,0
44,0,40,18,12
44,1,9,3,3
45,0,30,19,10
45,1,19,2,5
46,0,9,4,2
46,1,40,17,13
47,0,44,21,12
47,1,5,0,3
48,0,42,19,12
48,1,7,2,3
49,0,49,21,15
49,1,0,0,0
50,0,49,21,15
50,1,0,0,0
51,0,6,0,1
51,1,43,21,14
52,0,49,20,15
52,1,0,1,0
53,0,49,21,15
53,1,0,0,0
54,0,48,21,15
54,1,1,0,0
55,0,49,20,15
55,1,0,1,0
56,0,49,21,15
56,1,0,0,0
57,0,49,21,15
57,1,0,0,0
58,0,30,16,7
58,1,19,5,8
59,0,49,21,15
59,1,0,0,0
60,0,48,21,14
60,1,1,0,1
61,0,49,21,15
61,1,0,0,0
62,0,49,21,15
62,1,0,0,0
63,0,49,21,15
63,1,0,0,0
64,0,31,14,12
64,1,18,7,3
65,0,49,21,15
65,1,0,0,0
66,0,49,21,15
66,1,0,0,0
67,0,47,20,14
67,1,2,1,1
68,0,49,21,15
68,1,0,0,0
69,0,36,20,14
69,1,13,1,1
70,0,49,21,15
70,1,0,0,0
71,0,48,21,15
71,1,1,0,0
72,0,48,21,14
72,1,1,0,1
73,0,47,19,15
73,1,2,2,0
74,0,46,21,14
74,1,3,0,1
75,0,37,18,14
75,1,12,3,1
76,0,49,21,15
76,1,0,0,0
77,0,21,15,5
77,1,28,6,10
78,0,36,19,10
78,1,13,2,5
79,0,49,21,15
79,1,0,0,0
80,0,48,21,15
80,1,1,0,0
81,0,48,21,14
81,1,1,0,1
82,0,39,20,11
82,1,10,1,4
83,0,46,19,15
83,1,3,2,0
84,0,48,19,15
84,1,1,2,0
85,0,36,19,8
85,1,13,2,7
86,0,46,20,15
86,1,3,1,0
87,0,49,21,15
87,1,0,0,0
88,0,49,21,15
88,1,0,0,0
89,0,30,18,10
89,1,19,3,5
90,0,10,12,3
90,1,39,9,12
91,0,48,21,15
91,1,1,0,0
92,0,49,21,15
92,1,0,0,0
93,0,49,21,15
93,1,0,0,0
94,0,14,6,2
94,1,35,15,13
95,0,48,19,15
95,1,1,2,0
96,0,49,21,15
96,1,0,0,0
97,0,47,21,13
97,1,2,0,2
98,0,39,20,10
98,1,10,1,5
99,0,49,21,15
99,1,0,0,0
100,0,27,13,3
100,1,22,8,12
101,0,6,0,3
101,1,43,21,12
102,0,49,20,15
102,1,0,1,0
103,0,18,12,4
103,1,31,9,11
104,0,46,20,15
104,1,3,1,0
105,0,49,21,15
105,1,0,0,0
106,0,46,21,12
106,1,3,0,3
107,0,47,21,14
107,1,2,0,1
108,0,47,20,13
108,1,2,1,2
109,0,47,21,15
109,1,2,0,0
110,0,49,21,15
110,1,0,0,0
111,0,49,21,15
111,1,0,0,0
112,0,41,21,10
112,1,8,0,5
113,0,15,9,6
113,1,34,12,9
114,0,46,20,14
114,1,3,1,1
115,0,48,19,15
115,1,1,2,0
116,0,47,21,15
116,1,2,0,0
117,0,49,20,15
117,1,0,1,0
118,0,49,21,15
118,1,0,0,0
119,0,40,19,14
119,1,9,2,1
120,0,19,13,6
120,1,30,8,9
121,0,34,16,11
121,1,15,5,4
122,0,49,21,15
122,1,0,0,0
123,0,45,19,14
123,1,4,2,1
124,0,49,21,15
124,1,0,0,0
125,0,49,21,15
125,1,0,0,0
126,0,49,21,15
126,1,0,0,0
127,0,49,21,15
127,1,0,0,0
128,0,43,19,14
128,1,6,2,1
129,0,49,21,15
129,1,0,0,0
130,0,27,17,9
130,1,22,4,6
131,0,49,21,15
131,1,0,0,0
132,0,48,21,15
132,1,1,0,0
133,0,47,20,12
133,1,2,1,3
134,0,36,18,11
134,1,13,3,4
135,0,49,21,15
135,1,0,0,0
136,0,46,20,13
136,1,3,1,2
137,0,49,21,15
137,1,0,0,0
138,0,6,3,1
138,1,43,18,14
139,0,49,21,15
139,1,0,0,0
140,0,18,9,4
140,1,31,12,11
141,0,49,21,15
141,1,0,0,0
142,0,49,21,15
142,1,0,0,0
143,0,49,21,15
143,1,0,0,0
144,0,33,19,9
144,1,16,2,6
145,0,47,21,14
145,1,2,0,1
146,0,49,21,15
146,1,0,0,0
147,0,48,21,15
147,1,1,0,0
148,0,32,19,10
148,1,17,2,5
149,0,47,21,14
149,1,2,0,1
150,0,47,19,13
150,1,2,2,2
151,0,37,18,11
151,1,12,3,4
152,0,46,20,15
152,1,3,1,0
153,0,2,0,0
153,1,47,21,15
154,0,47,21,15
154,1,2,0,0
155,0,49,21,15
155,1,0,0,0
156,0,21,14,6
156,1,28,7,9
157,0,4,5,2
157,1,45,16,13
158,0,30,16,7
158,1,19,5,8
159,0,49,21,15
159,1,0,0,0
160,0,30,16,13
160,1,19,5,2
161,0,49,21,15
161,1,0,0,0
162,0,49,21,15
162,1,0,0,0
163,0,48,20,15
163,1,1,1,0
164,0,49,21,15
164,1,0,0,0
165,0,26,13,10
165,1,23,8,5
166,0,48,21,15
166,1,1,0,0
167,0,49,21,15
167,1,0,0,0
168,0,11,11,4
168,1,38,10,11
169,0,49,21,15
169,1,0,0,0
170,0,27,14,7
170,1,22,7,8
171,0,46,21,14
171,1,3,0,1
172,0,44,19,12
172,1,5,2,3
173,0,49,21,15
173,1,0,0,0
174,0,49,21,15
174,1,0,0,0
175,0,49,21,15
175,1,0,0,0
176,0,49,21,15
176,1,0,0,0
177,0,36,14,9
177,1,13,7,6
178,0,49,21,15
178,1,0,0,0
179,0,49,21,15
179,1,0,0,0
180,0,49,21,15
180,1,0,0,0
181,0,49,21,15
181,1,0,0,0
182,0,49,21,15
182,1,0,0,0
183,0,48,21,15
183,1,1,0,0
184,0,49,21,15
184,1,0,0,0
185,0,16,6,4
185,1,33,15,11
186,0,49,21,15
186,1,0,0,0
187,0,39,20,14
187,1,10,1,1
188,0,48,21,15
188,1,1,0,0
189,0,48,21,15
189,1,1,0,0
190,0,49,21,15
190,1,0,0,0
191,0,46,20,15
191,1,3,1,0
192,0,49,21,15
192,1,0,0,0
193,0,49,21,15
193,1,0,0,0
194,0,47,20,15
194,1,2,1,0
195,0,49,21,15
195,1,0,0,0
196,0,49,21,15
196,1,0,0,0
197,0,49,21,15
197,1,0,0,0
198,0,44,21,14
198,1,5,0,1
199,0,49,21,15
199,1,0,0,0
200,0,37,19,11
200,1,12,2,4
201,0,28,19,8
201,1,21,2,7
202,0,46,18,13
202,1,3,3,2
203,0,45,19,14
203,1,4,2,1
204,0,49,21,15
204,1,0,0,0
205,0,48,20,15
205,1,1,1,0
206,0,3,0,1
206,1,46,21,14
207,0,37,18,8
207,1,12,3,7
208,0,49,21,15
208,1,0,0,0
209,0,49,21,15
209,1,0,0,0
210,0,49,21,15
210,1,0,0,0
211,0,43,20,11
211,1,6,1,4
212,0,34,14,9
212,1,15,7,6
213,0,27,15,9
213,1,22,6,6
214,0,46,21,14
214,1,3,0,1
215,0,49,21,15
215,1,0,0,0
216,0,42,18,12
216,1,7,3,3
217,0,49,20,15
217,1,0,1,0
218,0,46,19,15
218,1,3,2,0
219,0,49,21,15
219,1,0,0,0
220,0,46,19,15
220,1,3,2,0
221,0,49,21,15
221,1,0,0,0
222,0,49,21,15
222,1,0,0,0
223,0,30,18,10
223,1,19,3,5
224,0,45,20,13
224,1,4,1,2
225,0,49,21,15
225,1,0,0,0
226,0,48,20,15
226,1,1,1,0
227,0,46,21,12
227,1,3,0,3
228,0,5,3,4
228,1,44,18,11
229,0,46,21,14
229,1,3,0,1
230,0,47,20,13
230,1,2,1,2
231,0,49,21,15
231,1,0,0,0
232,0,26,10,7
232,1,23,11,8
233,0,49,21,15
233,1,0,0,0
234,0,47,21,15
234,1,2,0,0
235,0,43,20,14
235,1,6,1,1
236,0,49,21,15
236,1,0,0,0
237,0,40,15,11
237,1,9,6,4
238,0,34,17,10
238,1,15,4,5
239,0,41,19,13
239,1,8,2,2
240,0,48,21,15
240,1,1,0,0
241,0,28,15,8
241,1,21,6,7
242,0,49,21,15
242,1,0,0,0
243,0,49,21,15
243,1,0,0,0
244,0,49,21,15
244,1,0,0,0
245,0,49,21,15
245,1,0,0,0
246,0,49,21,15
246,1,0,0,0
247,0,47,21,11
247,1,2,0,4
248,0,23,18,7
248,1,26,3,8
249,0,49,21,15
249,1,0,0,0
250,0,39,18,8
250,1,10,3,7
251,0,14,8,6
251,1,35,13,9
252,0,49,21,15
252,1,0,0,0
253,0,46,20,15
253,1,3,1,0
254,0,43,19,13
254,1,6,2,2
255,0,49,21,15
255,1,0,0,0
256,0,49,21,15
256,1,0,0,0
257,0,49,21,15
257,1,0,0,0
258,0,42,19,14
258,1,7,2,1
259,0,36,18,11
259,1,13,3,4
260,0,46,19,14
260,1,3,2,1
261,0,41,21,12
261,1,8,0,3
262,0,19,11,6
262,1,30,10,9
263,0,25,17,5
263,1,24,4,10
264,0,11,5,1
264,1,38,16,14
265,0,48,21,15
265,1,1,0,0
266,0,49,21,15
266,1,0,0,0
267,0,49,21,15
267,1,0,0,0
268,0,39,17,14
268,1,10,4,1
269,0,20,13,6
269,1,29,8,9
270,0,49,21,15
270,1,0,0,0
271,0,49,21,15
271,1,0,0,0
272,0,49,21,15
272,1,0,0,0
273,0,49,21,15
273,1,0,0,0
274,0,8,7,1
274,1,41,14,14
275,0,49,21,15
275,1,0,0,0
276,0,49,21,15
276,1,0,0,0
277,0,30,14,8
277,1,19,7,7
278,0,49,21,15
278,1,0,0,0
279,0,48,21,15
279,1,1,0,0
280,0,47,20,12
280,1,2,1,3
281,0,49,21,15
281,1,0,0,0
282,0,44,19,14
282,1,5,2,1
283,0,30,15,6
283,1,19,6,9
284,0,49,21,15
284,1,0,0,0
285,0,49,21,15
285,1,0,0,0
286,0,42,20,13
286,1,7,1,2
287,0,49,21,15
287,1,0,0,0
288,0,49,21,15
288,1,0,0,0
289,0,15,12,5
289,1,34,9,10
290,0,49,21,15
290,1,0,0,0
291,0,49,21,15
291,1,0,0,0
292,0,49,20,15
292,1,0,1,0
293,0,49,21,15
293,1,0,0,0
294,0,49,21,15
294,1,0,0,0
295,0,38,18,10
295,1,11,3,5
296,0,49,21,15
296,1,0,0,0
297,0,22,15,6
297,1,27,6,9
298,0,49,21,15
298,1,0,0,0
299,0,49,21,15
299,1,0,0,0
300,0,49,21,15
300,1,0,0,0
301,0,40,19,12
301,1,9,2,3
302,0,25,17,8
302,1,24,4,7
303,0,49,21,15
303,1,0,0,0
304,0,41,20,13
304,1,8,1,2
305,0,45,20,15
305,1,4,1,0
306,0,48,21,15
306,1,1,0,0
307,0,36,18,10
307,1,13,3,5
308,0,49,21,15
308,1,0,0,0
309,0,49,21,15
309,1,0,0,0
310,0,33,18,8
310,1,16,3,7
311,0,47,21,13
311,1,2,0,2
312,0,49,21,15
312,1,0,0,0
313,0,49,21,15
313,1,0,0,0
314,0,49,21,15
314,1,0,0,0
315,0,49,21,15
315,1,0,0,0
316,0,46,19,15
316,1,3,2,0
317,0,32,19,10
317,1,17,2,5
318,0,24,15,7
318,1,25,6,8
319,0,33,18,10
319,1,16,3,5
320,0,27,18,6
320,1,22,3,9
321,0,49,21,15
321,1,0,0,0
322,0,48,21,12
322,1,1,0,3
323,0,42,21,14
323,1,7,0,1
324,0,40,19,12
324,1,9,2,3
325,0,49,21,15
325,1,0,0,0
326,0,49,21,15
326,1,0,0,0
327,0,49,21,15
327,1,0,0,0
328,0,42,19,14
328,1,7,2,1
329,0,39,17,8
329,1,10,4,7
330,0,49,21,15
330,1,0,0,0
331,0,49,21,14
331,1,0,0,1
332,0,17,15,3
332,1,32,6,12
333,0,24,17,7
333,1,25,4,8
334,0,49,21,15
334,1,0,0,0
335,0,24,7,6
335,1,25,14,9
336,0,38,20,12
336,1,11,1,3
337,0,49,21,15
337,1,0,0,0
338,0,27,16,5
338,1,22,5,10
339,0,48,21,15
339,1,1,0,0
340,0,49,21,15
340,1,0,0,0
341,0,40,19,10
341,1,9,2,5
342,0,49,21,15
342,1,0,0,0
343,0,36,17,8
343,1,13,4,7
344,0,49,21,15
344,1,0,0,0
345,0,3,2,1
345,1,46,19,14
346,0,49,21,15
346,1,0,0,0
347,0,47,20,15
347,1,2,1,0
348,0,49,21,15
348,1,0,0,0
349,0,49,21,15
349,1,0,0,0
350,0,46,20,14
350,1,3,1,1
351,0,44,18,14
351,1,5,3,1
352,0,49,21,15
352,1,0,0,0
353,0,49,21,15
353,1,0,0,0
354,0,49,21,15
354,1,0,0,0
355,0,48,21,15
355,1,1,0,0
356,0,34,17,12
356,1,15,4,3
357,0,49,21,15
357,1,0,0,0
358,0,29,9,7
358,1,20,12,8
359,0,49,21,15
359,1,0,0,0
360,0,49,21,15
360,1,0,0,0
361,0,28,15,7
361,1,21,6,8
362,0,49,21,15
362,1,0,0,0
363,0,48,21,15
363,1,1,0,0
364,0,49,21,15
364,1,0,0,0
365,0,49,21,15
365,1,0,0,0
366,0,43,18,12
366,1,6,3,3
367,0,46,18,13
367,1,3,3,2
368,0,49,21,15
368,1,0,0,0
369,0,49,21,15
369,1,0,0,0
370,0,49,21,15
370,1,0,0,0
371,0,46,21,12
371,1,3,0,3
372,0,49,21,15
372,1,0,0,0
373,0,47,20,14
373,1,2,1,1
374,0,46,21,14
374,1,3,0,1
375,0,47,21,15
375,1,2,0,0
376,0,41,21,13
376,1,8,0,2
377,0,43,19,13
377,1,6,2,2
378,0,49,21,15
378,1,0,0,0
379,0,44,20,14
379,1,5,1,1
380,0,44,20,14
380,1,5,1,1
381,0,27,18,8
381,1,22,3,7
382,0,38,16,7
382,1,11,5,8
383,0,49,21,15
383,1,0,0,0
384,0,23,17,9
384,1,26,4,6
385,0,48,21,15
385,1,1,0,0
386,0,32,14,7
386,1,17,7,8
387,0,21,15,5
387,1,28,6,10
388,0,49,21,15
388,1,0,0,0
389,0,48,21,15
389,1,1,0,0
390,0,49,21,14
390,1,0,0,1
391,0,49,21,15
391,1,0,0,0
392,0,42,21,11
392,1,7,0,4
393,0,49,21,15
393,1,0,0,0
394,0,29,16,8
394,1,20,5,7
395,0,34,17,7
395,1,15,4,8
396,0,49,21,15
396,1,0,0,0
397,0,49,21,15
397,1,0,0,0
398,0,48,21,15
398,1,1,0,0
399,0,49,20,15
399,1,0,1,0
400,0,49,21,15
400,1,0,0,0
401,0,49,21,15
401,1,0,0,0
402,0,48,21,15
402,1,1,0,0
403,0,49,21,15
403,1,0,0,0
404,0,31,15,7
404,1,18,6,8
405,0,39,19,10
405,1,10,2,5
406,0,49,21,15
406,1,0,0,0
407,0,49,21,15
407,1,0,0,0
408,0,49,21,15
408,1,0,0,0
409,0,49,21,15
409,1,0,0,0
410,0,5,6,3
410,1,44,15,12
411,0,49,21,15
411,1,0,0,0
412,0,49,21,15
412,1,0,0,0
413,0,49,21,15
413,1,0,0,0
414,0,49,21,15
414,1,0,0,0
415,0,49,21,15
415,1,0,0,0
416,0,48,21,15
416,1,1,0,0
417,0,49,21,15
417,1,0,0,0
418,0,42,19,14
418,1,7,2,1
419,0,25,9,4
419,1,24,12,11
420,0,29,16,9
420,1,20,5,6
421,0,49,21,15
421,1,0,0,0
422,0,49,21,15
422,1,0,0,0
423,0,49,21,15
423,1,0,0,0
424,0,49,21,15
424,1,0,0,0
425,0,49,21,15
425,1,0,0,0
426,0,49,21,15
426,1,0,0,0
427,0,40,20,14
427,1,9,1,1
428,0,49,21,15
428,1,0,0,0
429,0,49,21,15
429,1,0,0,0
430,0,48,20,15
430,1,1,1,0
431,0,48,20,13
431,1,1,1,2
432,0,46,21,15
432,1,3,0,0
433,0,43,20,12
433,1,6,1,3
434,0,43,19,10
434,1,6,2,5
435,0,47,20,14
435,1,2,1,1
436,0,49,21,15
436,1,0,0,0
437,0,38,20,9
437,1,11,1,6
438,0,49,21,15
438,1,0,0,0
439,0,49,21,15
439,1,0,0,0
440,0,33,18,6
440,1,16,3,9
441,0,49,20,15
441,1,0,1,0
442,0,49,21,15
442,1,0,0,0
443,0,41,18,12
443,1,8,3,3
444,0,32,17,7
444,1,17,4,8
445,0,49,20,15
445,1,0,1,0
446,0,47,21,15
446,1,2,0,0
447,0,15,6,5
447,1,34,15,10
448,0,49,21,15
448,1,0,0,0
449,0,48,20,15
449,1,1,1,0
450,0,47,19,15
450,1,2,2,0
451,0,43,18,13
451,1,6,3,2
452,0,49,21,15
452,1,0,0,0
453,0,7,7,2
453,1,42,14,13
454,0,49,21,15
454,1,0,0,0
455,0,49,21,15
455,1,0,0,0
456,0,49,21,15
456,1,0,0,0
457,0,49,21,15
457,1,0,0,0
458,0,49,21,15
458,1,0,0,0
459,0,49,21,15
459,1,0,0,0
460,0,48,20,15
460,1,1,1,0
461,0,49,21,15
461,1,0,0,0
462,0,43,21,12
462,1,6,0,3
463,0,46,21,15
463,1,3,0,0
464,0,45,19,14
464,1,4,2,1
465,0,20,9,4
465,1,29,12,11
466,0,49,21,15
466,1,0,0,0
467,0,49,21,15
467,1,0,0,0
468,0,49,21,15
468,1,0,0,0
469,0,35,18,7
469,1,14,3,8
470,0,43,16,12
470,1,6,5,3
471,0,49,21,15
471,1,0,0,0
472,0,35,19,7
472,1,14,2,8
473,0,48,20,15
473,1,1,1,0
474,0,41,20,12
474,1,8,1,3
475,0,30,16,8
475,1,19,5,7
476,0,42,19,13
476,1,7,2,2
477,0,48,21,15
477,1,1,0,0
478,0,49,21,15
478,1,0,0,0
479,0,46,20,13
479,1,3,1,2
480,0,44,20,15
480,1,5,1,0
481,0,49,21,15
481,1,0,0,0
482,0,49,21,15
482,1,0,0,0
483,0,49,21,15
483,1,0,0,0
484,0,30,17,6
484,1,19,4,9
485,0,45,20,14
485,1,4,1,1
486,0,49,21,15
486,1,0,0,0
487,0,48,21,15
487,1,1,0,0
488,0,44,19,15
488,1,5,2,0
489,0,49,21,15
489,1,0,0,0
490,0,47,19,15
490,1,2,2,0
491,0,33,17,8
491,1,16,4,7
492,0,33,19,11
492,1,16,2,4
493,0,47,21,15
493,1,2,0,0
494,0,36,19,7
494,1,13,2,8
495,0,49,21,15
495,1,0,0,0
496,0,42,21,11
496,1,7,0,4
497,0,48,21,14
497,1,1,0,1
498,0,39,21,11
498,1,10,0,4
499,0,46,19,14
499,1,3,2,1
500,0,49,21,15
500,1,0,0,0
501,0,49,20,15
501,1,0,1,0
502,0,22,15,3
502,1,27,6,12
503,0,3,2,2
503,1,46,19,13
504,0,48,21,15
504,1,1,0,0
505,0,47,21,14
505,1,2,0,1
506,0,38,20,12
506,1,11,1,3
507,0,29,12,5
507,1,20,9,10
508,0,36,16,11
508,1,13,5,4
509,0,49,21,15
509,1,0,0,0
510,0,47,19,14
510,1,2,2,1
511,0,19,13,2
511,1,30,8,13
512,0,49,21,15
512,1,0,0,0
513,0,46,21,15
513,1,3,0,0
514,0,49,21,15
514,1,0,0,0
515,0,31,20,10
515,1,18,1,5
516,0,33,17,7
516,1,16,4,8
517,0,20,9,5
517,1,29,12,10
518,0,23,16,6
518,1,26,5,9
519,0,10,8,4
519,1,39,13,11
520,0,32,17,8
520,1,17,4,7
521,0,26,14,7
521,1,23,7,8
522,0,45,20,13
522,1,4,1,2
523,0,18,9,3
523,1,31,12,12
524,0,45,21,11
524,1,4,0,4
525,0,33,17,8
525,1,16,4,7
526,0,49,21,15
526,1,0,0,0
527,0,49,21,15
527,1,0,0,0
528,0,48,21,15
528,1,1,0,0
529,0,45,20,14
529,1,4,1,1
530,0,26,18,4
530,1,23,3,11
531,0,47,21,13
531,1,2,0,2
532,0,49,21,15
532,1,0,0,0
533,0,48,21,15
533,1,1,0,0
534,0,42,19,13
534,1,7,2,2
535,0,49,21,15
535,1,0,0,0
536,0,46,20,15
536,1,3,1,0
537,0,49,21,15
537,1,0,0,0
538,0,49,21,15
538,1,0,0,0
539,0,39,19,9
539,1,10,2,6
540,0,49,21,15
540,1,0,0,0
541,0,49,21,15
541,1,0,0,0
542,0,48,21,15
542,1,1,0,0
543,0,33,19,11
543,1,16,2,4
544,0,49,21,15
544,1,0,0,0
545,0,45,21,12
545,1,4,0,3
546,0,35,19,10
546,1,14,2,5
547,0,49,21,15
547,1,0,0,0
548,0,49,21,15
548,1,0,0,0
549,0,49,21,15
549,1,0,0,0
550,0,43,19,14
550,1,6,2,1
551,0,49,21,15
551,1,0,0,0
552,0,49,21,15
552,1,0,0,0
553,0,8,9,2
553,1,41,12,13
554,0,42,21,13
554,1,7,0,2
555,0,41,19,10
555,1,8,2,5
556,0,13,9,5
556,1,36,12,10
557,0,21,13,7
557,1,28,8,8
558,0,35,19,10
558,1,14,2,5
559,0,25,18,8
559,1,24,3,7
560,0,27,11,5
560,1,22,10,10
561,0,49,21,15
561,1,0,0,0
562,0,27,13,10
562,1,22,8,5
563,0,49,21,15
563,1,0,0,0
564,0,49,21,15
564,1,0,0,0
565,0,32,16,11
565,1,17,5,4
566,0,49,21,15
566,1,0,0,0
567,0,45,20,14
567,1,4,1,1
568,0,49,21,15
568,1,0,0,0
569,0,49,21,15
569,1,0,0,0
570,0,48,20,15
570,1,1,1,0
571,0,45,21,15
571,1,4,0,0
572,0,49,21,15
572,1,0,0,0
573,0,36,18,9
573,1,13,3,6
574,0,47,19,14
574,1,2,2,1
575,0,18,12,3
575,1,31,9,12
576,0,46,20,15
576,1,3,1,0
577,0,33,17,8
577,1,16,4,7
578,0,43,18,11
578,1,6,3,4
579,0,49,21,15
579,1,0,0,0
580,0,49,21,15
580,1,0,0,0
581,0,48,21,15
581,1,1,0,0
582,0,21,17,5
582,1,28,4,10
583,0,37,18,9
583,1,12,3,6
584,0,49,21,14
584,1,0,0,1
585,0,49,21,15
585,1,0,0,0
586,0,48,21,15
586,1,1,0,0
587,0,47,21,15
587,1,2,0,0
588,0,37,19,9
588,1,12,2,6
589,0,49,21,15
589,1,0,0,0
590,0,49,21,15
590,1,0,0,0
591,0,49,21,14
591,1,0,0,1
592,0,25,13,7
592,1,24,8,8
593,0,48,20,15
593,1,1,1,0
594,0,48,21,14
594,1,1,0,1
595,0,41,19,11
595,1,8,2,4
596,0,49,21,15
596,1,0,0,0
597,0,49,21,15
597,1,0,0,0
598,0,49,21,15
598,1,0,0,0
599,0,49,21,13
599,1,0,0,2
600,0,49,21,15
600,1,0,0,0
601,0,49,20,15
601,1,0,1,0
602,0,24,17,7
602,1,25,4,8
603,0,41,18,11
603,1,8,3,4
604,0,40,21,12
604,1,9,0,3
605,0,48,21,15
605,1,1,0,0
606,0,32,18,10
606,1,17,3,5
607,0,43,20,14
607,1,6,1,1
608,0,29,16,7
608,1,20,5,8
609,0,49,21,15
609,1,0,0,0
610,0,49,21,15
610,1,0,0,0
611,0,45,19,14
611,1,4,2,1
612,0,30,19,6
612,1,19,2,9
613,0,47,20,14
613,1,2,1,1
614,0,49,21,15
614,1,0,0,0
615,0,24,15,6
615,1,25,6,9
616,0,24,16,4
616,1,25,5,11
617,0,49,21,15
617,1,0,0,0
618,0,43,19,14
618,1,6,2,1
619,0,49,21,15
619,1,0,0,0
620,0,49,21,15
620,1,0,0,0
621,0,29,18,7
621,1,20,3,8
622,0,31,18,6
622,1,18,3,9
623,0,42,18,15
623,1,7,3,0
624,0,48,21,15
624,1,1,0,0
625,0,48,21,15
625,1,1,0,0
626,0,48,21,13
626,1,1,0,2
627,0,49,21,15
627,1,0,0,0
628,0,48,21,15
628,1,1,0,0
629,0,49,21,15
629,1,0,0,0
630,0,49,21,15
630,1,0,0,0
631,0,34,18,9
631,1,15,3,6
632,0,49,21,15
632,1,0,0,0
633,0,44,19,11
633,1,5,2,4
634,0,47,19,15
634,1,2,2,0
635,0,32,17,13
635,1,17,4,2
636,0,28,12,9
636,1,21,9,6
637,0,37,17,11
637,1,12,4,4
638,0,17,11,4
638,1,32,10,11
639,0,49,21,15
639,1,0,0,0
640,0,49,21,15
640,1,0,0,0
641,0,49,21,15
641,1,0,0,0
642,0,24,12,5
642,1,25,9,10
643,0,49,21,15
643,1,0,0,0
644,0,48,21,15
644,1,1,0,0
645,0,49,20,15
645,1,0,1,0
646,0,49,21,15
646,1,0,0,0
647,0,47,20,15
647,1,2,1,0
648,0,49,21,15
648,1,0,0,0
649,0,47,18,14
649,1,2,3,1
650,0,43,21,14
650,1,6,0,1
651,0,48,20,15
651,1,1,1,0
652,0,49,21,15
652,1,0,0,0
653,0,48,21,15
653,1,1,0,0
654,0,49,21,15
654,1,0,0,0
655,0,5,4,3
655,1,44,17,12
656,0,49,21,15
656,1,0,0,0
657,0,10,6,3
657,1,39,15,12
658,0,42,21,14
658,1,7,0,1
659,0,26,18,7
659,1,23,3,8
660,0,45,20,14
660,1,4,1,1
661,0,49,20,15
661,1,0,1,0
662,0,43,20,9
662,1,6,1,6
663,0,23,12,3
663,1,26,9,12
664,0,34,18,7
664,1,15,3,8
665,0,49,21,15
665,1,0,0,0
666,0,18,11,4
666,1,31,10,11
667,0,46,20,14
667,1,3,1,1
668,0,30,12,9
668,1,19,9,6
669,0,49,21,15
669,1,0,0,0
670,0,49,21,15
670,1,0,0,0
671,0,42,19,15
671,1,7,2,0
672,0,16,10,5
672,1,33,11,10
673,0,16,13,5
673,1,33,8,10
674,0,49,21,15
674,1,0,0,0
675,0,49,21,15
675,1,0,0,0
676,0,47,20,14
676,1,2,1,1
677,0,48,21,15
677,1,1,0,0
678,0,48,20,15
678,1,1,1,0
679,0,49,21,15
679,1,0,0,0
680,0,21,13,5
680,1,28,8,10
681,0,19,14,7
681,1,30,7,8
682,0,49,21,15
682,1,0,0,0
683,0,49,21,15
683,1,0,0,0
684,0,49,21,15
684,1,0,0,0
685,0,49,21,15
685,1,0,0,0
686,0,48,21,15
686,1,1,0,0
687,0,49,21,15
687,1,0,0,0
688,0,46,20,15
688,1,3,1,0
689,0,49,21,15
689,1,0,0,0
690,0,0,0,1
690,1,49,21,14
691,0,48,20,12
691,1,1,1,3
692,0,42,20,13
692,1,7,1,2
693,0,48,21,15
693,1,1,0,0
694,0,22,12,6
694,1,27,9,9
695,0,48,21,15
695,1,1,0,0
696,0,44,21,12
696,1,5,0,3
697,0,49,21,15
697,1,0,0,0
698,0,49,21,15
698,1,0,0,0
699,0,26,16,7
699,1,23,5,8
700,0,16,12,4
700,1,33,9,11
701,0,42,19,14
701,1,7,2,1
702,0,7,2,2
702,1,42,19,13
703,0,41,18,12
703,1,8,3,3
704,0,44,18,13
704,1,5,3,2
705,0,20,15,6
705,1,29,6,9
706,0,48,20,15
706,1,1,1,0
707,0,49,21,15
707,1,0,0,0
708,0,34,15,12
708,1,15,6,3
709,0,49,21,15
709,1,0,0,0
710,0,14,8,3
710,1,35,13,12
711,0,48,21,15
711,1,1,0,0
712,0,30,17,7
712,1,19,4,8
713,0,30,16,9
713,1,19,5,6
714,0,28,13,10
714,1,21,8,5
715,0,49,21,15
715,1,0,0,0
716,0,34,18,9
716,1,15,3,6
717,0,49,21,15
717,1,0,0,0
718,0,49,21,15
718,1,0,0,0
719,0,49,21,15
719,1,0,0,0
720,0,25,17,7
720,1,24,4,8
721,0,41,20,10
721,1,8,1,5
722,0,45,19,15
722,1,4,2,0
723,0,21,11,7
723,1,28,10,8
724,0,43,21,13
724,1,6,0,2
725,0,49,21,15
725,1,0,0,0
726,0,49,21,15
726,1,0,0,0
727,0,48,21,15
727,1,1,0,0
728,0,47,21,14
728,1,2,0,1
729,0,22,9,8
729,1,27,12,7
730,0,49,21,15
730,1,0,0,0
731,0,45,21,14
731,1,4,0,1
732,0,30,18,6
732,1,19,3,9
733,0,42,19,13
733,1,7,2,2
734,0,42,19,14
734,1,7,2,1
735,0,49,21,15
735,1,0,0,0
736,0,46,21,11
736,1,3,0,4
737,0,47,21,15
737,1,2,0,0
738,0,38,19,11
738,1,11,2,4
739,0,14,9,3
739,1,35,12,12
740,0,40,19,10
740,1,9,2,5
741,0,17,10,3
741,1,32,11,12
742,0,49,21,15
742,1,0,0,0
743,0,34,17,8
743,1,15,4,7
744,0,49,21,15
744,1,0,0,0
745,0,49,21,15
745,1,0,0,0
746,0,49,21,15
746,1,0,0,0
747,0,48,21,15
747,1,1,0,0
748,0,41,18,11
748,1,8,3,4
749,0,13,12,2
749,1,36,9,13
750,0,33,18,10
750,1,16,3,5
751,0,46,21,15
751,1,3,0,0
752,0,15,11,3
752,1,34,10,12
753,0,46,20,15
753,1,3,1,0
754,0,38,18,10
754,1,11,3,5
755,0,49,21,15
755,1,0,0,0
756,0,47,21,15
756,1,2,0,0
757,0,47,21,15
757,1,2,0,0
758,0,49,21,15
758,1,0,0,0
759,0,22,15,4
759,1,27,6,11
760,0,49,21,15
760,1,0,0,0
761,0,49,21,15
761,1,0,0,0
762,0,49,21,15
762,1,0,0,0
763,0,49,21,15
763,1,0,0,0
764,0,38,20,13
764,1,11,1,2
765,0,49,21,15
765,1,0,0,0
766,0,48,21,15
766,1,1,0,0
767,0,49,21,15
767,1,0,0,0
768,0,49,21,15
768,1,0,0,0
769,0,49,21,15
769,1,0,0,0
770,0,48,21,15
770,1,1,0,0
771,0,49,21,15
771,1,0,0,0
772,0,49,21,15
772,1,0,0,0
773,0,49,21,15
773,1,0,0,0
774,0,49,21,15
774,1,0,0,0
775,0,47,21,15
775,1,2,0,0
776,0,2,4,1
776,1,47,17,14
777,0,49,21,15
777,1,0,0,0
778,0,43,21,15
778,1,6,0,0
779,0,49,21,15
779,1,0,0,0
780,0,27,18,7
780,1,22,3,8
781,0,49,21,15
781,1,0,0,0
782,0,49,21,15
782,1,0,0,0
783,0,49,21,15
783,1,0,0,0
784,0,49,21,15
784,1,0,0,0
785,0,49,21,15
785,1,0,0,0
786,0,49,21,15
786,1,0,0,0
787,0,48,21,12
787,1,1,0,3
788,0,48,21,15
788,1,1,0,0
789,0,49,21,15
789,1,0,0,0
790,0,32,17,9
790,1,17,4,6
791,0,13,7,4
791,1,36,14,11
792,0,49,21,15
792,1,0,0,0
793,0,42,21,12
793,1,7,0,3
794,0,48,21,15
794,1,1,0,0
795,0,49,21,15
795,1,0,0,0
796,0,49,21,15
796,1,0,0,0
797,0,46,21,13
797,1,3,0,2
798,0,32,17,6
798,1,17,4,9
799,0,45,21,14
799,1,4,0,1
800,0,30,15,8
800,1,19,6,7
801,0,48,20,15
801,1,1,1,0
802,0,49,21,15
802,1,0,0,0
803,0,49,21,15
803,1,0,0,0
804,0,26,17,8
804,1,23,4,7
805,0,49,21,15
805,1,0,0,0
806,0,49,21,15
806,1,0,0,0
807,0,49,21,15
807,1,0,0,0
808,0,45,20,14
808,1,4,1,1
809,0,47,20,15
809,1,2,1,0
810,0,49,21,15
810,1,0,0,0
811,0,49,21,15
811,1,0,0,0
812,0,49,21,15
812,1,0,0,0
813,0,49,21,15
813,1,0,0,0
814,0,49,21,15
814,1,0,0,0
815,0,48,20,15
815,1,1,1,0
816,0,49,21,15
816,1,0,0,0
817,0,32,16,4
817,1,17,5,11
818,0,49,21,15
818,1,0,0,0
819,0,49,21,15
819,1,0,0,0
820,0,24,16,6
820,1,25,5,9
821,0,49,21,15
821,1,0,0,0
822,0,44,18,13
822,1,5,3,2
823,0,49,21,15
823,1,0,0,0
824,0,49,21,15
824,1,0,0,0
825,0,15,10,2
825,1,34,11,13
826,0,49,21,15
826,1,0,0,0
827,0,10,6,2
827,1,39,15,13
828,0,12,9,0
828,1,37,12,15
829,0,31,18,8
829,1,18,3,7
830,0,25,15,4
830,1,24,6,11
831,0,49,21,15
831,1,0,0,0
832,0,49,21,15
832,1,0,0,0
833,0,48,21,14
833,1,1,0,1
834,0,49,21,15
834,1,0,0,0
835,0,36,18,11
835,1,13,3,4
836,0,47,20,15
836,1,2,1,0
837,0,49,21,15
837,1,0,0,0
838,0,34,17,12
838,1,15,4,3
839,0,47,21,12
839,1,2,0,3
840,0,24,11,4
840,1,25,10,11
841,0,40,20,14
841,1,9,1,1
842,0,49,21,15
842,1,0,0,0
843,0,13,8,3
843,1,36,13,12
844,0,24,12,6
844,1,25,9,9
845,0,27,16,9
845,1,22,5,6
846,0,25,13,6
846,1,24,8,9
847,0,47,18,13
847,1,2,3,2
848,0,48,21,15
848,1,1,0,0
849,0,48,21,15
849,1,1,0,0
850,0,49,21,15
850,1,0,0,0
851,0,36,19,11
851,1,13,2,4
852,0,21,11,10
852,1,28,10,5
853,0,49,21,14
853,1,0,0,1
854,0,49,21,15
854,1,0,0,0
855,0,15,8,3
855,1,34,13,12
856,0,40,18,12
856,1,9,3,3
857,0,46,21,12
857,1,3,0,3
858,0,43,20,13
858,1,6,1,2
859,0,28,16,7
859,1,21,5,8
860,0,40,19,11
860,1,9,2,4
861,0,23,12,5
861,1,26,9,10
862,0,47,21,15
862,1,2,0,0
863,0,49,21,15
863,1,0,0,0
864,0,48,21,15
864,1,1,0,0
865,0,48,20,15
865,1,1,1,0
866,0,36,19,7
866,1,13,2,8
867,0,48,21,13
867,1,1,0,2
868,0,49,21,15
868,1,0,0,0
869,0,49,20,15
869,1,0,1,0
870,0,26,17,7
870,1,23,4,8
871,0,48,21,11
871,1,1,0,4
872,0,42,19,13
872,1,7,2,2
873,0,28,18,11
873,1,21,3,4
874,0,42,19,12
874,1,7,2,3
875,0,48,21,15
875,1,1,0,0
876,0,48,21,15
876,1,1,0,0
877,0,48,18,15
877,1,1,3,0
878,0,15,10,4
878,1,34,11,11
879,0,47,21,15
879,1,2,0,0
880,0,28,15,5
880,1,21,6,10
881,0,11,4,2
881,1,38,17,13
882,0,18,12,5
882,1,31,9,10
883,0,18,8,2
883,1,31,13,13
884,0,44,21,13
884,1,5,0,2
885,0,49,20,15
885,1,0,1,0
886,0,48,21,14
886,1,1,0,1
887,0,43,18,14
887,1,6,3,1
888,0,45,20,13
888,1,4,1,2
889,0,29,17,9
889,1,20,4,6
890,0,23,15,6
890,1,26,6,9
891,0,42,20,15
891,1,7,1,0
892,0,19,7,7
892,1,30,14,8
893,0,49,21,15
893,1,0,0,0
894,0,49,21,15
894,1,0,0,0
895,0,46,20,15
895,1,3,1,0
896,0,12,6,2
896,1,37,15,13
897,0,40,20,10
897,1,9,1,5
898,0,33,17,10
898,1,16,4,5
899,0,47,21,15
899,1,2,0,0
900,0,15,7,0
900,1,34,14,15
901,0,49,21,15
901,1,0,0,0
902,0,46,19,15
902,1,3,2,0
903,0,48,20,14
903,1,1,1,1
904,0,49,21,15
904,1,0,0,0
905,0,16,14,3
905,1,33,7,12
906,0,44,21,15
906,1,5,0,0
907,0,29,9,9
907,1,20,12,6
908,0,49,20,14
908,1,0,1,1
909,0,42,20,12
909,1,7,1,3
910,0,46,20,15
910,1,3,1,0
911,0,49,21,15
911,1,0,0,0
912,0,14,11,5
912,1,35,10,10
913,0,21,9,9
913,1,28,12,6
914,0,25,13,8
914,1,24,8,7
915,0,49,21,15
915,1,0,0,0
916,0,49,21,15
916,1,0,0,0
917,0,47,21,14
917,1,2,0,1
918,0,44,21,11
918,1,5,0,4
919,0,49,21,15
919,1,0,0,0
920,0,43,19,13
920,1,6,2,2
921,0,0,0,1
921,1,49,21,14
922,0,44,21,10
922,1,5,0,5
923,0,40,18,8
923,1,9,3,7
924,0,27,17,5
924,1,22,4,10
925,0,9,5,5
925,1,40,16,10
926,0,17,9,11
926,1,32,12,4
927,0,47,21,14
927,1,2,0,1
928,0,49,21,15
928,1,0,0,0
929,0,46,21,15
929,1,3,0,0
930,0,47,21,15
930,1,2,0,0
931,0,39,20,11
931,1,10,1,4
932,0,49,21,15
932,1,0,0,0
933,0,26,17,9
933,1,23,4,6
934,0,8,6,3
934,1,41,15,12
935,0,40,21,13
935,1,9,0,2
936,0,44,20,10
936,1,5,1,5
937,0,25,12,8
937,1,24,9,7
938,0,17,9,4
938,1,32,12,11
939,0,24,17,5
939,1,25,4,10
940,0,45,18,13
940,1,4,3,2
941,0,48,20,15
941,1,1,1,0
942,0,35,16,10
942,1,14,5,5
943,0,21,14,5
943,1,28,7,10
944,0,49,21,15
944,1,0,0,0
945,0,37,19,13
945,1,12,2,2
946,0,43,19,10
946,1,6,2,5
947,0,49,21,15
947,1,0,0,0
948,0,48,21,15
948,1,1,0,0
949,0,43,18,13
949,1,6,3,2
950,0,40,18,11
950,1,9,3,4
951,0,45,19,12
951,1,4,2,3
952,0,43,19,12
952,1,6,2,3
953,0,11,5,1
953,1,38,16,14
954,0,24,17,5
954,1,25,4,10
955,0,41,19,13
955,1,8,2,2
956,0,49,21,15
956,1,0,0,0
957,0,42,18,12
957,1,7,3,3
958,0,34,18,11
958,1,15,3,4
959,0,43,19,12
959,1,6,2,3
960,0,29,11,6
960,1,20,10,9
961,0,24,11,10
961,1,25,10,5
962,0,49,21,15
962,1,0,0,0
963,0,48,21,15
963,1,1,0,0
964,0,13,13,2
964,1,36,8,13
965,0,47,20,15
965,1,2,1,0
966,0,45,21,12
966,1,4,0,3
967,0,49,21,15
967,1,0,0,0
968,0,18,12,4
968,1,31,9,11
969,0,47,21,15
969,1,2,0,0
970,0,48,21,15
970,1,1,0,0
971,0,46,21,13
971,1,3,0,2
972,0,34,15,10
972,1,15,6,5
973,0,21,11,4
973,1,28,10,11
974,0,38,21,9
974,1,11,0,6
975,0,49,19,15
975,1,0,2,0
976,0,48,21,15
976,1,1,0,0
977,0,48,21,14
977,1,1,0,1
978,0,18,10,9
978,1,31,11,6
979,0,26,18,10
979,1,23,3,5
980,0,41,20,9
980,1,8,1,6
981,0,43,19,12
981,1,6,2,3
982,0,47,18,14
982,1,2,3,1
983,0,44,19,13
983,1,5,2,2
984,0,9,2,2
984,1,40,19,13
985,0,49,21,15
985,1,0,0,0
986,0,43,19,10
986,1,6,2,5
987,0,49,21,15
987,1,0,0,0
988,0,26,13,7
988,1,23,8,8
989,0,31,17,10
989,1,18,4,5
990,0,48,21,13
990,1,1,0,2
991,0,49,21,15
991,1,0,0,0
992,0,49,21,15
992,1,0,0,0
993,0,49,21,15
993,1,0,0,0
994,0,47,20,15
994,1,2,1,0
995,0,48,21,14
995,1,1,0,1
996,0,49,21,15
996,1,0,0,0
997,0,45,18,14
997,1,4,3,1
998,0,18,13,7
998,1,31,8,8
999,0,30,17,7
999,1,19,4,8
1000,0,25,19,8
1000,1,24,2,7
1001,0,9,3,3
1001,1,40,18,12
1002,0,14,5,4
1002,1,35,16,11
1003,0,48,21,15
1003,1,1,0,0
1004,0,49,21,15
1004,1,0,0,0
1005,0,39,18,13
1005,1,10,3,2
1006,0,49,21,15
1006,1,0,0,0
1007,0,21,10,7
1007,1,28,11,8
1008,0,48,21,15
1008,1,1,0,0
1009,0,22,14,9
1009,1,27,7,6
1010,0,16,13,3
1010,1,33,8,12
1011,0,49,21,15
1011,1,0,0,0
1012,0,46,20,15
1012,1,3,1,0
1013,0,49,21,15
1013,1,0,0,0
1014,0,38,19,11
1014,1,11,2,4
1015,0,42,20,13
1015,1,7,1,2
1016,0,40,19,13
1016,1,9,2,2
1017,0,9,6,7
1017,1,40,15,8
1018,0,49,21,15
1018,1,0,0,0
1019,0,48,21,15
1019,1,1,0,0
1020,0,49,21,15
1020,1,0,0,0
1021,0,27,17,6
1021,1,22,4,9
1022,0,10,6,1
1022,1,39,15,14
1023,0,49,21,15
1023,1,0,0,0
1024,0,20,15,4
1024,1,29,6,11
1025,0,49,21,15
1025,1,0,0,0
1026,0,49,21,15
1026,1,0,0,0
1027,0,45,20,13
1027,1,4,1,2
1028,0,46,21,10
1028,1,3,0,5
1029,0,49,21,15
1029,1,0,0,0
1030,0,21,13,3
1030,1,28,8,12
1031,0,32,16,7
1031,1,17,5,8
1032,0,16,10,2
1032,1,33,11,13
1033,0,49,21,15
1033,1,0,0,0
1034,0,47,20,15
1034,1,2,1,0
1035,0,47,20,11
1035,1,2,1,4
1036,0,23,15,6
1036,1,26,6,9
1037,0,7,4,2
1037,1,42,17,13
1038,0,9,5,3
1038,1,40,16,12
1039,0,15,7,3
1039,1,34,14,12
1040,0,23,16,5
1040,1,26,5,10
1041,0,48,21,15
1041,1,1,0,0
1042,0,41,19,12
1042,1,8,2,3
1043,0,47,21,14
1043,1,2,0,1
1044,0,42,20,14
1044,1,7,1,1
1045,0,49,21,15
1045,1,0,0,0
1046,0,48,21,15
1046,1,1,0,0
1047,0,48,21,15
1047,1,1,0,0
1048,0,34,19,11
1048,1,15,2,4
1049,0,31,18,10
1049,1,18,3,5
1050,0,9,9,4
1050,1,40,12,11
1051,0,28,13,7
1051,1,21,8,8
1052,0,39,19,11
1052,1,10,2,4
1053,0,21,15,8
1053,1,28,6,7
1054,0,37,19,12
1054,1,12,2,3
1055,0,25,13,4
1055,1,24,8,11
1056,0,21,11,5
1056,1,28,10,10
1057,0,49,21,15
1057,1,0,0,0
1058,0,30,12,7
1058,1,19,9,8
1059,0,49,21,15
1059,1,0,0,0
1060,0,48,21,15
1060,1,1,0,0
1061,0,19,13,6
1061,1,30,8,9
1062,0,26,12,11
1062,1,23,9,4
1063,0,47,20,12
1063,1,2,1,3
1064,0,45,20,15
1064,1,4,1,0
1065,0,18,7,8
1065,1,31,14,7
1066,0,49,21,15
1066,1,0,0,0
1067,0,44,20,12
1067,1,5,1,3
1068,0,35,19,11
1068,1,14,2,4
1069,0,35,19,10
1069,1,14,2,5
1070,0,26,12,7
1070,1,23,9,8
1071,0,31,18,10
1071,1,18,3,5
1072,0,29,15,9
1072,1,20,6,6
1073,0,48,21,14
1073,1,1,0,1
1074,0,28,16,4
1074,1,21,5,11
1075,0,26,17,8
1075,1,23,4,7
1076,0,42,19,12
1076,1,7,2,3
1077,0,27,15,8
1077,1,22,6,7
1078,0,49,21,15
1078,1,0,0,0
1079,0,38,18,11
1079,1,11,3,4
1080,0,36,19,13
1080,1,13,2,2
1081,0,46,20,15
1081,1,3,1,0
1082,0,48,21,15
1082,1,1,0,0
1083,0,47,21,15
1083,1,2,0,0
1084,0,49,21,15
1084,1,0,0,0
1085,0,1,0,0
1085,1,48,21,15
1086,0,34,15,12
1086,1,15,6,3
1087,0,32,18,8
1087,1,17,3,7
1088,0,49,21,15
1088,1,0,0,0
1089,0,26,16,10
1089,1,23,5,5
1090,0,48,21,12
1090,1,1,0,3
1091,0,49,21,15
1091,1,0,0,0
1092,0,22,12,5
1092,1,27,9,10
1093,0,37,18,9
1093,1,12,3,6
1094,0,25,13,3
1094,1,24,8,12
1095,0,28,17,7
1095,1,21,4,8
1096,0,34,14,7
1096,1,15,7,8
1097,0,48,21,15
1097,1,1,0,0
1098,0,39,19,9
1098,1,10,2,6
1099,0,49,21,15
1099,1,0,0,0
1100,0,26,16,8
1100,1,23,5,7
1101,0,21,16,6
1101,1,28,5,9
1102,0,32,17,12
1102,1,17,4,3
1103,0,31,18,11
1103,1,18,3,4
1104,0,49,20,15
1104,1,0,1,0
1105,0,25,16,8
1105,1,24,5,7
1106,0,29,16,9
1106,1,20,5,6
1107,0,26,17,7
1107,1,23,4,8
1108,0,31,18,8
1108,1,18,3,7
1109,0,49,21,15
1109,1,0,0,0
1110,0,49,21,15
1110,1,0,0,0
1111,0,43,19,13
1111,1,6,2,2
1112,0,33,18,9
1112,1,16,3,6
1113,0,29,19,8
1113,1,20,2,7
1114,0,24,7,3
1114,1,25,14,12
1115,0,48,21,15
1115,1,1,0,0
1116,0,7,3,2
1116,1,42,18,13
1117,0,49,21,15
1117,1,0,0,0
1118,0,34,18,9
1118,1,15,3,6
1119,0,32,18,11
1119,1,17,3,4
1120,0,8,6,2
1120,1,41,15,13
1121,0,47,21,13
1121,1,2,0,2
1122,0,33,18,11
1122,1,16,3,4
1123,0,30,17,7
1123,1,19,4,8
1124,0,42,17,14
1124,1,7,4,1
1125,0,48,21,14
1125,1,1,0,1
1126,0,33,15,8
1126,1,16,6,7
1127,0,37,17,12
1127,1,12,4,3
1128,0,46,21,12
1128,1,3,0,3
1129,0,48,21,15
1129,1,1,0,0
1130,0,38,20,11
1130,1,11,1,4
1131,0,6,2,3
1131,1,43,19,12
1132,0,16,8,4
1132,1,33,13,11
1133,0,36,18,8
1133,1,13,3,7
1134,0,42,18,14
1134,1,7,3,1
1135,0,49,21,15
1135,1,0,0,0
1136,0,13,12,3
1136,1,36,9,12
1137,0,16,5,6
1137,1,33,16,9
1138,0,16,10,4
1138,1,33,11,11
1139,0,39,18,9
1139,1,10,3,6
1140,0,48,21,15
1140,1,1,0,0
1141,0,1,1,1
1141,1,48,20,14
1142,0,46,21,10
1142,1,3,0,5
1143,0,44,18,15
1143,1,5,3,0
1144,0,43,20,11
1144,1,6,1,4
1145,0,28,16,9
1145,1,21,5,6
1146,0,39,19,14
1146,1,10,2,1
1147,0,47,21,15
1147,1,2,0,0
1148,0,45,21,10
1148,1,4,0,5
1149,0,23,15,7
1149,1,26,6,8
1150,0,48,21,15
1150,1,1,0,0
1151,0,44,19,8
1151,1,5,2,7
1152,0,46,21,13
1152,1,3,0,2
1153,0,22,11,8
1153,1,27,10,7
1154,0,30,19,10
1154,1,19,2,5
1155,0,49,21,15
1155,1,0,0,0
1156,0,43,19,12
1156,1,6,2,3
1157,0,12,12,5
1157,1,37,9,10
1158,0,20,13,4
1158,1,29,8,11
1159,0,47,21,13
1159,1,2,0,2
1160,0,48,21,15
1160,1,1,0,0
1161,0,48,21,13
1161,1,1,0,2
1162,0,35,20,7
1162,1,14,1,8
1163,0,20,11,5
1163,1,29,10,10
1164,0,44,20,10
1164,1,5,1,5
1165,0,48,21,15
1165,1,1,0,0
1166,0,45,19,13
1166,1,4,2,2
1167,0,44,18,13
1167,1,5,3,2
1168,0,10,1,5
1168,1,39,20,10
1169,0,43,20,12
1169,1,6,1,3
1170,0,41,20,10
1170,1,8,1,5
1171,0,31,17,8
1171,1,18,4,7
1172,0,47,21,13
1172,1,2,0,2
1173,0,49,21,15
1173,1,0,0,0
1174,0,20,4,2
1174,1,29,17,13
1175,0,29,18,6
1175,1,20,3,9
1176,0,10,5,2
1176,1,39,16,13
1177,0,27,19,8
1177,1,22,2,7
1178,0,44,21,15
1178,1,5,0,0
1179,0,38,18,12
1179,1,11,3,3
1180,0,25,15,3
1180,1,24,6,12
1181,0,45,21,14
1181,1,4,0,1
1182,0,24,16,7
1182,1,25,5,8
1183,0,30,18,7
1183,1,19,3,8
1184,0,36,18,8
1184,1,13,3,7
1185,0,29,17,8
1185,1,20,4,7
1186,0,40,18,7
1186,1,9,3,8
1187,0,47,19,14
1187,1,2,2,1
1188,0,29,17,10
1188,1,20,4,5
1189,0,44,21,11
1189,1,5,0,4
1190,0,49,21,15
1190,1,0,0,0
1191,0,49,21,15
1191,1,0,0,0
1192,0,24,9,7
1192,1,25,12,8
1193,0,13,7,2
1193,1,36,14,13
1194,0,11,4,3
1194,1,38,17,12
1195,0,47,19,14
1195,1,2,2,1
1196,0,49,21,15
1196,1,0,0,0
1197,0,34,17,11
1197,1,15,4,4
1198,0,34,17,13
1198,1,15,4,2
1199,0,38,20,10
1199,1,11,1,5
1200,0,49,21,15
1200,1,0,0,0
1201,0,10,7,1
1201,1,39,14,14
1202,0,49,21,15
1202,1,0,0,0
1203,0,49,21,15
1203,1,0,0,0
1204,0,23,12,5
1204,1,26,9,10
1205,0,43,19,10
1205,1,6,2,5
1206,0,35,13,10
1206,1,14,8,5
1207,0,6,1,3
1207,1,43,20,12
1208,0,41,19,14
1208,1,8,2,1
1209,0,38,18,9
1209,1,11,3,6
1210,0,21,12,5
1210,1,28,9,10
1211,0,41,18,10
1211,1,8,3,5
1212,0,36,17,10
1212,1,13,4,5
1213,0,40,21,10
1213,1,9,0,5
1214,0,49,21,15
1214,1,0,0,0
1215,0,30,15,4
1215,1,19,6,11
1216,0,29,17,9
1216,1,20,4,6
1217,0,27,17,7
1217,1,22,4,8
1218,0,25,18,9
1218,1,24,3,6
1219,0,47,20,15
1219,1,2,1,0
1220,0,49,21,15
1220,1,0,0,0
1221,0,1,4,1
1221,1,48,17,14
1222,0,7,4,1
1222,1,42,17,14
1223,0,49,21,15
1223,1,0,0,0
1224,0,14,5,4
1224,1,35,16,11
1225,0,20,6,8
1225,1,29,15,7
1226,0,12,7,3
1226,1,37,14,12
1227,0,31,17,6
1227,1,18,4,9
1228,0,48,21,15
1228,1,1,0,0
1229,0,49,21,15
1229,1,0,0,0
1230,0,43,20,13
1230,1,6,1,2
1231,0,43,19,13
1231,1,6,2,2
1232,0,49,21,15
1232,1,0,0,0
1233,0,24,17,6
1233,1,25,4,9
1234,0,44,18,12
1234,1,5,3,3
1235,0,49,21,15
1235,1,0,0,0
1236,0,49,21,15
1236,1,0,0,0
1237,0,38,19,8
1237,1,11,2,7
1238,0,42,19,9
1238,1,7,2,6
1239,0,26,15,6
1239,1,23,6,9
1240,0,18,9,5
1240,1,31,12,10
1241,0,19,13,5
1241,1,30,8,10
1242,0,28,10,6
1242,1,21,11,9
1243,0,16,9,8
1243,1,33,12,7
1244,0,40,18,14
1244,1,9,3,1
1245,0,35,16,10
1245,1,14,5,5
1246,0,46,20,15
1246,1,3,1,0
1247,0,42,18,13
1247,1,7,3,2
1248,0,45,21,15
1248,1,4,0,0
1249,0,17,12,2
1249,1,32,9,13
1250,0,6,5,0
1250,1,43,16,15
1251,0,48,20,14
1251,1,1,1,1
1252,0,47,20,15
1252,1,2,1,0
1253,0,46,20,15
1253,1,3,1,0
1254,0,17,8,3
1254,1,32,13,12
1255,0,42,19,12
1255,1,7,2,3
1256,0,1,2,1
1256,1,48,19,14
1257,0,49,20,15
1257,1,0,1,0
1258,0,36,18,10
1258,1,13,3,5
1259,0,45,21,13
1259,1,4,0,2
1260,0,34,19,9
1260,1,15,2,6
1261,0,35,20,12
1261,1,14,1,3
1262,0,19,11,8
1262,1,30,10,7
1263,0,30,16,8
1263,1,19,5,7
1264,0,32,17,11
1264,1,17,4,4
1265,0,42,19,12
1265,1,7,2,3
1266,0,11,9,4
1266,1,38,12,11
1267,0,28,16,12
1267,1,21,5,3
1268,0,31,17,10
1268,1,18,4,5
1269,0,16,11,7
1269,1,33,10,8
1270,0,22,17,5
1270,1,27,4,10
1271,0,37,19,8
1271,1,12,2,7
1272,0,46,21,14
1272,1,3,0,1
1273,0,38,15,11
1273,1,11,6,4
1274,0,44,19,14
1274,1,5,2,1
1275,0,25,15,7
1275,1,24,6,8
1276,0,26,19,9
1276,1,23,2,6
1277,0,46,19,11
1277,1,3,2,4
1278,0,29,16,6
1278,1,20,5,9
1279,0,28,16,7
1279,1,21,5,8
1280,0,38,18,11
1280,1,11,3,4
1281,0,23,14,4
1281,1,26,7,11
1282,0,46,21,15
1282,1,3,0,0
1283,0,12,6,2
1283,1,37,15,13
1284,0,44,20,15
1284,1,5,1,0
1285,0,48,20,14
1285,1,1,1,1
1286,0,27,18,7
1286,1,22,3,8
1287,0,24,15,7
1287,1,25,6,8
1288,0,33,13,10
1288,1,16,8,5
1289,0,49,20,15
1289,1,0,1,0
1290,0,21,16,7
1290,1,28,5,8
1291,0,25,9,2
1291,1,24,12,13
1292,0,43,18,13
1292,1,6,3,2
1293,0,29,11,7
1293,1,20,10,8
1294,0,30,16,6
1294,1,19,5,9
1295,0,16,10,3
1295,1,33,11,12
1296,0,40,21,12
1296,1,9,0,3
1297,0,9,3,1
1297,1,40,18,14
1298,0,33,18,9
1298,1,16,3,6
1299,0,12,5,1
1299,1,37,16,14
1300,0,43,21,11
1300,1,6,0,4
1301,0,29,17,8
1301,1,20,4,7
1302,0,34,18,8
1302,1,15,3,7
1303,0,11,4,0
1303,1,38,17,15
1304,0,2,3,3
1304,1,47,18,12
1305,0,17,8,5
1305,1,32,13,10
1306,0,33,11,14
1306,1,16,10,1
1307,0,23,13,5
1307,1,26,8,10
1308,0,39,21,12
1308,1,10,0,3
1309,0,14,10,4
1309,1,35,11,11
1310,0,48,20,15
1310,1,1,1,0
1311,0,29,11,8
1311,1,20,10,7
1312,0,43,19,12
1312,1,6,2,3
1313,0,49,21,15
1313,1,0,0,0
1314,0,44,19,14
1314,1,5,2,1
1315,0,49,21,14
1315,1,0,0,1
1316,0,47,20,15
1316,1,2,1,0
1317,0,42,18,11
1317,1,7,3,4
1318,0,44,21,10
1318,1,5,0,5
1319,0,45,21,15
1319,1,4,0,0
1320,0,48,21,15
1320,1,1,0,0
1321,0,20,13,5
1321,1,29,8,10
1322,0,33,18,8
1322,1,16,3,7
1323,0,18,14,5
1323,1,31,7,10
1324,0,41,17,11
1324,1,8,4,4
1325,0,41,20,15
1325,1,8,1,0
1326,0,39,16,13
1326,1,10,5,2
1327,0,20,12,7
1327,1,29,9,8
1328,0,45,21,14
1328,1,4,0,1
1329,0,37,18,13
1329,1,12,3,2
1330,0,44,21,11
1330,1,5,0,4
1331,0,36,18,9
1331,1,13,3,6
1332,0,43,21,9
1332,1,6,0,6
1333,0,15,5,2
1333,1,34,16,13
1334,0,46,20,13
1334,1,3,1,2
1335,0,40,18,9
1335,1,9,3,6
1336,0,25,15,7
1336,1,24,6,8
1337,0,21,16,5
1337,1,28,5,10
1338,0,1,0,0
1338,1,48,21,15
1339,0,3,1,0
1339,1,46,20,15
1340,0,39,17,7
1340,1,10,4,8
1341,0,26,17,5
1341,1,23,4,10
1342,0,24,19,8
1342,1,25,2,7
1343,0,43,20,14
1343,1,6,1,1
1344,0,38,18,9
1344,1,11,3,6
1345,0,12,6,1
1345,1,37,15,14
1346,0,35,18,8
1346,1,14,3,7
1347,0,45,21,14
1347,1,4,0,1
1348,0,4,1,1
1348,1,45,20,14
1349,0,29,19,7
1349,1,20,2,8
1350,0,47,20,15
1350,1,2,1,0
1351,0,12,7,4
1351,1,37,14,11
1352,0,17,10,4
1352,1,32,11,11
1353,0,29,9,6
1353,1,20,12,9
1354,0,29,19,8
1354,1,20,2,7
1355,0,33,19,12
1355,1,16,2,3
1356,0,1,1,1
1356,1,48,20,14
1357,0,49,21,15
1357,1,0,0,0
1358,0,41,20,14
1358,1,8,1,1
1359,0,18,10,3
1359,1,31,11,12
1360,0,28,14,7
1360,1,21,7,8
1361,0,49,21,15
1361,1,0,0,0
1362,0,49,21,15
1362,1,0,0,0
1363,0,46,19,14
1363,1,3,2,1
1364,0,47,21,15
1364,1,2,0,0
1365,0,30,17,7
1365,1,19,4,8
1366,0,35,18,8
1366,1,14,3,7
1367,0,45,20,15
1367,1,4,1,0
1368,0,26,19,9
1368,1,23,2,6
1369,0,40,19,9
1369,1,9,2,6
1370,0,38,19,10
1370,1,11,2,5
1371,0,43,20,14
1371,1,6,1,1
1372,0,4,2,0
1372,1,45,19,15
1373,0,14,7,3
1373,1,35,14,12
1374,0,39,21,11
1374,1,10,0,4
1375,0,47,20,15
1375,1,2,1,0
1376,0,29,16,6
1376,1,20,5,9
1377,0,36,17,9
1377,1,13,4,6
1378,0,9,4,1
1378,1,40,17,14
1379,0,49,21,15
1379,1,0,0,0
1380,0,33,18,7
1380,1,16,3,8
1381,0,16,12,3
1381,1,33,9,12
1382,0,43,21,11
1382,1,6,0,4
1383,0,18,11,3
1383,1,31,10,12
1384,0,46,20,14
1384,1,3,1,1
1385,0,11,4,2
1385,1,38,17,13
1386,0,44,19,13
1386,1,5,2,2
1387,0,21,16,6
1387,1,28,5,9
1388,0,27,17,5
1388,1,22,4,10
1389,0,44,18,9
1389,1,5,3,6
1390,0,42,20,10
1390,1,7,1,5
1391,0,45,21,12
1391,1,4,0,3
1392,0,29,17,6
1392,1,20,4,9
1393,0,41,20,9
1393,1,8,1,6
1394,0,35,19,10
1394,1,14,2,5
1395,0,40,16,7
1395,1,9,5,8
1396,0,47,20,14
1396,1,2,1,1
1397,0,36,19,8
1397,1,13,2,7
1398,0,45,21,15
1398,1,4,0,0
1399,0,19,13,4
1399,1,30,8,11
1400,0,17,6,2
1400,1,32,15,13
1401,0,46,19,14
1401,1,3,2,1
1402,0,21,13,2
1402,1,28,8,13
1403,0,25,16,8
1403,1,24,5,7
1404,0,12,6,3
1404,1,37,15,12
1405,0,41,17,13
1405,1,8,4,2
1406,0,44,20,13
1406,1,5,1,2
1407,0,42,21,13
1407,1,7,0,2
1408,0,38,19,10
1408,1,11,2,5
1409,0,9,6,2
1409,1,40,15,13
1410,0,21,11,5
1410,1,28,10,10
1411,0,36,18,10
1411,1,13,3,5
1412,0,30,17,5
1412,1,19,4,10
1413,0,44,19,14
1413,1,5,2,1
1414,0,49,21,15
1414,1,0,0,0
1415,0,32,18,9
1415,1,17,3,6
1416,0,24,14,3
1416,1,25,7,12
1417,0,7,3,0
1417,1,42,18,15
1418,0,39,18,9
1418,1,10,3,6
1419,0,15,10,4
1419,1,34,11,11
1420,0,49,21,15
1420,1,0,0,0
1421,0,49,21,15
1421,1,0,0,0
1422,0,40,21,10
1422,1,9,0,5
1423,0,8,6,5
1423,1,41,15,10
1424,0,42,20,9
1424,1,7,1,6
1425,0,29,18,10
1425,1,20,3,5
1426,0,44,20,13
1426,1,5,1,2
1427,0,30,17,9
1427,1,19,4,6
1428,0,33,19,6
1428,1,16,2,9
1429,0,43,21,10
1429,1,6,0,5
1430,0,48,21,15
1430,1,1,0,0
1431,0,19,10,6
1431,1,30,11,9
1432,0,43,19,13
1432,1,6,2,2
1433,0,23,17,6
1433,1,26,4,9
1434,0,49,21,15
1434,1,0,0,0
1435,0,1,1,0
1435,1,48,20,15
1436,0,23,17,5
1436,1,26,4,10
1437,0,39,19,14
1437,1,10,2,1
1438,0,15,7,2
1438,1,34,14,13
1439,0,11,12,2
1439,1,38,9,13
1440,0,49,21,15
1440,1,0,0,0
1441,0,49,19,14
1441,1,0,2,1
1442,0,25,12,7
1442,1,24,9,8
1443,0,46,19,15
1443,1,3,2,0
1444,0,5,4,2
1444,1,44,17,13
1445,0,47,19,15
1445,1,2,2,0
1446,0,39,18,11
1446,1,10,3,4
1447,0,6,3,4
1447,1,43,18,11
1448,0,6,3,2
1448,1,43,18,13
1449,0,8,3,0
1449,1,41,18,15
1450,0,4,7,2
1450,1,45,14,13
1451,0,42,16,8
1451,1,7,5,7
1452,0,28,13,9
1452,1,21,8,6
1453,0,13,7,3
1453,1,36,14,12
1454,0,41,19,12
1454,1,8,2,3
1455,0,49,21,15
1455,1,0,0,0
1456,0,49,21,15
1456,1,0,0,0
1457,0,14,5,4
1457,1,35,16,11
1458,0,46,19,14
1458,1,3,2,1
1459,0,36,15,10
1459,1,13,6,5
1460,0,6,2,2
1460,1,43,19,13
1461,0,28,17,9
1461,1,21,4,6
1462,0,47,20,15
1462,1,2,1,0
1463,0,30,17,7
1463,1,19,4,8
1464,0,19,12,4
1464,1,30,9,11
1465,0,38,18,11
1465,1,11,3,4
1466,0,46,21,14
1466,1,3,0,1
1467,0,25,17,9
1467,1,24,4,6
1468,0,27,18,8
1468,1,22,3,7
1469,0,9,5,2
1469,1,40,16,13
1470,0,41,19,12
1470,1,8,2,3
1471,0,2,1,2
1471,1,47,20,13
1472,0,33,18,11
1472,1,16,3,4
1473,0,48,20,15
1473,1,1,1,0
1474,0,37,17,11
1474,1,12,4,4
1475,0,31,12,9
1475,1,18,9,6
1476,0,48,20,13
1476,1,1,1,2
1477,0,3,1,0
1477,1,46,20,15
1478,0,5,1,3
1478,1,44,20,12
1479,0,49,21,15
1479,1,0,0,0
1480,0,25,13,7
1480,1,24,8,8
1481,0,47,21,14
1481,1,2,0,1
1482,0,17,11,4
1482,1,32,10,11
1483,0,27,17,4
1483,1,22,4,11
1484,0,4,2,4
1484,1,45,19,11
1485,0,41,18,14
1485,1,8,3,1
1486,0,37,18,12
1486,1,12,3,3
1487,0,26,10,4
1487,1,23,11,11
1488,0,22,16,5
1488,1,27,5,10
1489,0,14,7,4
1489,1,35,14,11
1490,0,43,20,14
1490,1,6,1,1
1491,0,35,13,10
1491,1,14,8,5
1492,0,19,12,6
1492,1,30,9,9
1493,0,48,21,15
1493,1,1,0,0
1494,0,20,15,5
1494,1,29,6,10
1495,0,22,11,8
1495,1,27,10,7
1496,0,43,19,11
1496,1,6,2,4
1497,0,16,11,3
1497,1,33,10,12
1498,0,15,11,4
1498,1,34,10,11
1499,0,36,17,8
1499,1,13,4,7
1500,0,5,3,2
1500,1,44,18,13
1501,0,7,5,3
1501,1,42,16,12
1502,0,30,19,11
1502,1,19,2,4
1503,0,25,15,5
1503,1,24,6,10
1504,0,36,18,11
1504,1,13,3,4
1505,0,2,0,1
1505,1,47,21,14
1506,0,48,21,15
1506,1,1,0,0
1507,0,14,10,5
1507,1,35,11,10
1508,0,45,20,15
1508,1,4,1,0
1509,0,19,10,5
1509,1,30,11,10
1510,0,31,16,6
1510,1,18,5,9
1511,0,30,16,9
1511,1,19,5,6
1512,0,45,20,12
1512,1,4,1,3
1513,0,46,21,14
1513,1,3,0,1
1514,0,26,12,5
1514,1,23,9,10
1515,0,44,19,15
1515,1,5,2,0
1516,0,13,9,3
1516,1,36,12,12
1517,0,43,21,12
1517,1,6,0,3
1518,0,36,19,10
1518,1,13,2,5
1519,0,31,18,10
1519,1,18,3,5
1520,0,18,13,4
1520,1,31,8,11
1521,0,30,18,7
1521,1,19,3,8
1522,0,31,17,8
1522,1,18,4,7
1523,0,24,15,7
1523,1,25,6,8
1524,0,5,3,2
1524,1,44,18,13
1525,0,25,17,6
1525,1,24,4,9
1526,0,35,19,8
1526,1,14,2,7
1527,0,17,14,7
1527,1,32,7,8
1528,0,34,20,9
1528,1,15,1,6
1529,0,30,18,9
1529,1,19,3,6
1530,0,12,6,2
1530,1,37,15,13
1531,0,10,4,1
1531,1,39,17,14
1532,0,35,19,6
1532,1,14,2,9
1533,0,32,16,10
1533,1,17,5,5
1534,0,11,7,3
1534,1,38,14,12
1535,0,21,14,6
1535,1,28,7,9
1536,0,49,21,15
1536,1,0,0,0
1537,0,30,17,6
1537,1,19,4,9
1538,0,47,20,15
1538,1,2,1,0
1539,0,14,9,3
1539,1,35,12,12
1540,0,3,3,3
1540,1,46,18,12
1541,0,43,19,15
1541,1,6,2,0
1542,0,7,4,2
1542,1,42,17,13
1543,0,17,11,6
1543,1,32,10,9
1544,0,47,21,15
1544,1,2,0,0
1545,0,24,14,9
1545,1,25,7,6
1546,0,35,18,10
1546,1,14,3,5
1547,0,17,11,4
1547,1,32,10,11
1548,0,46,21,13
1548,1,3,0,2
1549,0,18,14,3
1549,1,31,7,12
1550,0,44,19,14
1550,1,5,2,1
1551,0,2,2,0
1551,1,47,19,15
1552,0,14,13,4
1552,1,35,8,11
1553,0,41,18,12
1553,1,8,3,3
1554,0,45,19,13
1554,1,4,2,2
1555,0,11,7,5
1555,1,38,14,10
1556,0,31,18,8
1556,1,18,3,7
1557,0,25,14,8
1557,1,24,7,7
1558,0,5,2,2
1558,1,44,19,13
1559,0,15,5,4
1559,1,34,16,11
1560,0,22,13,7
1560,1,27,8,8
1561,0,19,13,3
1561,1,30,8,12
1562,0,1,1,1
1562,1,48,20,14
1563,0,25,10,7
1563,1,24,11,8
1564,0,9,3,1
1564,1,40,18,14
1565,0,8,7,1
1565,1,41,14,14
1566,0,48,20,15
1566,1,1,1,0
1567,0,48,21,14
1567,1,1,0,1
1568,0,17,5,5
1568,1,32,16,10
1569,0,28,14,7
1569,1,21,7,8
1570,0,46,20,14
1570,1,3,1,1
1571,0,18,13,5
1571,1,31,8,10
1572,0,29,16,6
1572,1,20,5,9
1573,0,19,10,3
1573,1,30,11,12
1574,0,2,0,2
1574,1,47,21,13
1575,0,41,19,11
1575,1,8,2,4
1576,0,6,5,2
1576,1,43,16,13
1577,0,1,0,1
1577,1,48,21,14
1578,0,4,4,2
1578,1,45,17,13
1579,0,8,2,0
1579,1,41,19,15
1580,0,18,11,3
1580,1,31,10,12
1581,0,20,15,5
1581,1,29,6,10
1582,0,42,20,8
1582,1,7,1,7
1583,0,22,7,11
1583,1,27,14,4
1584,0,17,11,6
1584,1,32,10,9
1585,0,2,0,1
1585,1,47,21,14
1586,0,27,18,8
1586,1,22,3,7
1587,0,31,18,10
1587,1,18,3,5
1588,0,25,17,7
1588,1,24,4,8
1589,0,6,3,2
1589,1,43,18,13
1590,0,3,3,1
1590,1,46,18,14
1591,0,39,17,11
1591,1,10,4,4
1592,0,48,21,15
1592,1,1,0,0
1593,0,22,12,4
1593,1,27,9,11
1594,0,19,11,4
1594,1,30,10,11
1595,0,7,5,2
1595,1,42,16,13
1596,0,45,19,12
1596,1,4,2,3
1597,0,11,6,1
1597,1,38,15,14
1598,0,21,18,5
1598,1,28,3,10
1599,0,43,19,13
1599,1,6,2,2
1600,0,42,19,15
1600,1,7,2,0
1601,0,16,4,4
1601,1,33,17,11
1602,0,27,17,10
1602,1,22,4,5
1603,0,5,4,0
1603,1,44,17,15
1604,0,35,18,11
1604,1,14,3,4
1605,0,44,21,13
1605,1,5,0,2
1606,0,19,10,2
1606,1,30,11,13
1607,0,28,19,8
1607,1,21,2,7
1608,0,41,19,10
1608,1,8,2,5
1609,0,14,9,3
1609,1,35,12,12
1610,0,48,20,15
1610,1,1,1,0
1611,0,26,15,7
1611,1,23,6,8
1612,0,9,5,1
1612,1,40,16,14
1613,0,28,13,7
1613,1,21,8,8
1614,0,16,9,6
1614,1,33,12,9
1615,0,28,15,9
1615,1,21,6,6
1616,0,48,21,14
1616,1,1,0,1
1617,0,23,10,3
1617,1,26,11,12
1618,0,47,21,14
1618,1,2,0,1
1619,0,32,13,11
1619,1,17,8,4
1620,0,6,5,1
1620,1,43,16,14
1621,0,18,9,6
1621,1,31,12,9
1622,0,45,18,15
1622,1,4,3,0
1623,0,34,18,11
1623,1,15,3,4
1624,0,37,19,11
1624,1,12,2,4
1625,0,3,2,2
1625,1,46,19,13
1626,0,28,16,7
1626,1,21,5,8
1627,0,34,18,10
1627,1,15,3,5
1628,0,11,8,1
1628,1,38,13,14
1629,0,25,15,6
1629,1,24,6,9
1630,0,22,12,2
1630,1,27,9,13
1631,0,32,18,13
1631,1,17,3,2
1632,0,16,7,4
1632,1,33,14,11
1633,0,25,16,5
1633,1,24,5,10
1634,0,32,18,7
1634,1,17,3,8
1635,0,18,11,5
1635,1,31,10,10
1636,0,10,10,1
1636,1,39,11,14
1637,0,24,14,6
1637,1,25,7,9
1638,0,46,20,15
1638,1,3,1,0
1639,0,4,3,0
1639,1,45,18,15
1640,0,27,17,8
1640,1,22,4,7
1641,0,11,9,4
1641,1,38,12,11
1642,0,17,8,0
1642,1,32,13,15
1643,0,12,5,2
1643,1,37,16,13
1644,0,26,15,5
1644,1,23,6,10
1645,0,33,16,13
1645,1,16,5,2
1646,0,26,18,10
1646,1,23,3,5
1647,0,29,18,9
1647,1,20,3,6
1648,0,17,11,1
1648,1,32,10,14
1649,0,18,14,4
1649,1,31,7,11
1650,0,39,18,9
1650,1,10,3,6
1651,0,4,2,1
1651,1,45,19,14
1652,0,49,21,15
1652,1,0,0,0
1653,0,24,17,7
1653,1,25,4,8
1654,0,12,9,0
1654,1,37,12,15
1655,0,28,18,5
1655,1,21,3,10
1656,0,3,0,0
1656,1,46,21,15
1657,0,13,7,3
1657,1,36,14,12
1658,0,24,15,5
1658,1,25,6,10
1659,0,47,21,14
1659,1,2,0,1
1660,0,4,1,1
1660,1,45,20,14
1661,0,13,5,3
1661,1,36,16,12
1662,0,35,12,12
1662,1,14,9,3
1663,0,21,13,3
1663,1,28,8,12
1664,0,16,13,3
1664,1,33,8,12
1665,0,14,9,6
1665,1,35,12,9
1666,0,20,15,6
1666,1,29,6,9
1667,0,21,16,5
1667,1,28,5,10
1668,0,0,0,1
1668,1,49,21,14
1669,0,20,12,5
1669,1,29,9,10
1670,0,40,20,11
1670,1,9,1,4
1671,0,11,5,2
1671,1,38,16,13
1672,0,45,20,15
1672,1,4,1,0
1673,0,19,13,2
1673,1,30,8,13
1674,0,42,21,12
1674,1,7,0,3
1675,0,30,16,5
1675,1,19,5,10
1676,0,3,2,0
1676,1,46,19,15
1677,0,20,13,4
1677,1,29,8,11
1678,0,5,2,1
1678,1,44,19,14
1679,0,38,19,10
1679,1,11,2,5
1680,0,19,13,6
1680,1,30,8,9
1681,0,2,0,1
1681,1,47,21,14
1682,0,20,13,4
1682,1,29,8,11
1683,0,49,21,15
1683,1,0,0,0
1684,0,40,17,11
1684,1,9,4,4
1685,0,26,15,7
1685,1,23,6,8
1686,0,30,15,6
1686,1,19,6,9
1687,0,27,17,8
1687,1,22,4,7
1688,0,31,16,7
1688,1,18,5,8
1689,0,1,0,0
1689,1,48,21,15
1690,0,13,10,6
1690,1,36,11,9
1691,0,30,20,8
1691,1,19,1,7
1692,0,45,21,11
1692,1,4,0,4
1693,0,34,17,10
1693,1,15,4,5
1694,0,10,6,2
1694,1,39,15,13
1695,0,3,4,1
1695,1,46,17,14
1696,0,9,6,1
1696,1,40,15,14
1697,0,25,9,8
1697,1,24,12,7
1698,0,48,21,15
1698,1,1,0,0
1699,0,32,20,8
1699,1,17,1,7
1700,0,36,18,13
1700,1,13,3,2
1701,0,1,0,0
1701,1,48,21,15
1702,0,23,16,6
1702,1,26,5,9
1703,0,48,21,14
1703,1,1,0,1
1704,0,35,19,13
1704,1,14,2,2
1705,0,43,20,10
1705,1,6,1,5
1706,0,28,13,6
1706,1,21,8,9
1707,0,12,11,2
1707,1,37,10,13
1708,0,5,0,2
1708,1,44,21,13
1709,0,18,11,3
1709,1,31,10,12
1710,0,4,4,0
1710,1,45,17,15
1711,0,0,0,1
1711,1,49,21,14
1712,0,4,3,2
1712,1,45,18,13
1713,0,36,18,10
1713,1,13,3,5
1714,0,37,18,10
1714,1,12,3,5
1715,0,3,3,1
1715,1,46,18,14
1716,0,12,7,2
1716,1,37,14,13
1717,0,3,1,1
1717,1,46,20,14
1718,0,29,14,9
1718,1,20,7,6
1719,0,38,18,8
1719,1,11,3,7
1720,0,33,15,9
1720,1,16,6,6
1721,0,34,16,9
1721,1,15,5,6
1722,0,24,11,6
1722,1,25,10,9
1723,0,49,21,15
1723,1,0,0,0
1724,0,7,4,2
1724,1,42,17,13
1725,0,12,7,2
1725,1,37,14,13
1726,0,22,9,6
1726,1,27,12,9
1727,0,25,16,9
1727,1,24,5,6
1728,0,7,7,5
1728,1,42,14,10
1729,0,30,17,8
1729,1,19,4,7
1730,0,28,19,9
1730,1,21,2,6
1731,0,40,20,12
1731,1,9,1,3
1732,0,36,18,8
1732,1,13,3,7
1733,0,47,20,15
1733,1,2,1,0
1734,0,34,19,8
1734,1,15,2,7
1735,0,7,1,2
1735,1,42,20,13
1736,0,19,11,4
1736,1,30,10,11
1737,0,3,2,1
1737,1,46,19,14
1738,0,3,2,1
1738,1,46,19,14
1739,0,2,0,0
1739,1,47,21,15
1740,0,18,8,5
1740,1,31,13,10
1741,0,8,5,3
1741,1,41,16,12
1742,0,6,5,1
1742,1,43,16,14
1743,0,43,20,10
1743,1,6,1,5
1744,0,25,15,6
1744,1,24,6,9
1745,0,41,18,11
1745,1,8,3,4
1746,0,8,5,2
1746,1,41,16,13
1747,0,24,11,5
1747,1,25,10,10
1748,0,1,1,1
1748,1,48,20,14
1749,0,16,8,3
1749,1,33,13,12
1750,0,7,3,2
1750,1,42,18,13
1751,0,11,4,1
1751,1,38,17,14
1752,0,1,1,3
1752,1,48,20,12
1753,0,42,17,13
1753,1,7,4,2
1754,0,19,7,3
1754,1,30,14,12
1755,0,24,12,5
1755,1,25,9,10
1756,0,14,10,3
1756,1,35,11,12
1757,0,13,7,2
1757,1,36,14,13
1758,0,29,16,7
1758,1,20,5,8
1759,0,10,4,4
1759,1,39,17,11
1760,0,30,13,10
1760,1,19,8,5
1761,0,26,15,4
1761,1,23,6,11
1762,0,38,18,14
1762,1,11,3,1
1763,0,1,2,1
1763,1,48,19,14
1764,0,32,20,9
1764,1,17,1,6
1765,0,36,18,8
1765,1,13,3,7
