New_Node_Index,Original_Protein_ID,Gene
0,0,MAPK1
1,1,SUGT1
2,2,RBX1
3,3,PEPD
4,4,EEF1G
5,5,VTA1
6,6,LSM5
7,7,PFDN1
8,8,PSMD5
9,9,RAN
10,10,SMIM5
11,11,LGALS1
12,12,SLC35A4
13,13,CAPZA1
14,14,PPP1CB
15,15,NAP1L4
16,16,CAPZA2
17,17,CAP1
18,18,GAS2L1
19,19,CALM1
20,20,APRT
21,21,RPS12
22,22,CLIC1
23,23,USP15
24,24,ABI1
25,25,DYNLRB1
26,26,SNAPIN
27,27,TPM3
28,28,PSMF1
29,29,BRK1
30,30,LGALSL
31,31,DBN1
32,32,PFN1
33,33,TWF2
34,34,STK24
35,35,CLIC4
36,36,LIMS1
37,37,GLRX
38,38,MYH9
39,39,VCP
40,40,CFL1
41,41,DSTN
42,42,ANXA3
43,43,CA1
44,44,ATP6V1G1
45,45,KRT6A
46,46,RAB14
47,47,EEF1D
48,48,PIP4K2A
49,49,FABP5
50,50,MAPRE2
51,51,MAPRE1
52,52,MYL6
53,53,MTPN
54,54,ACTB
55,55,ACTG1
56,56,YWHAH
57,57,CAVIN2
58,58,RAB11B
59,59,NRGN
60,60,ILK
61,61,YWHAE
62,62,MTURN
63,63,YWHAZ
64,64,YWHAB
65,65,SNAP23
66,66,SERPINB12
67,67,ELOB
68,68,COPZ1
69,69,DNM1L
70,70,PSMC4
71,71,YWHAQ
72,72,SULT1A1
73,73,KPNB1
74,74,DIAPH1
75,75,SERPINB1
76,76,TALDO1
77,77,PRKAR1A
78,78,ACTR1A
79,79,TKT
80,80,TMEM40
81,81,PSMB2
82,82,ATG3
83,83,SMIM1
84,84,RAB6B
85,85,KRT2
86,86,PTMA
87,87,TMSB4X
88,88,CAPZB
89,89,PPP1CA
90,90,GMFG
91,91,GNB1
92,92,H1-4
93,93,VASP
94,94,GNG5
95,95,PSMB3
96,96,RNH1
97,97,SDCBP
98,98,PDLIM5
99,99,MAPK14
100,100,KRT1
101,101,PSMA3
102,102,BLMH
103,103,RAB6A
104,104,VAMP3
105,105,STX7
106,106,ARPC4
107,107,RAB27B
108,108,GYG1
109,109,LAMTOR4
110,110,SPTB
111,111,FTH1
112,112,PDLIM1
113,113,YWHAG
114,114,HBD
115,115,PPIA
116,116,PSMD4
117,117,SERPINA5
118,118,PFDN4
119,119,TLN1
120,120,BMP1
121,121,POSTN
122,122,CHCHD3
123,123,C4A
124,124,SEPTIN11
125,125,SLC4A1
126,126,CD248
127,127,ALB
128,128,LCP1
129,129,TTR
130,130,DUSP3
131,131,LY6G6F
132,132,F5
133,133,BPIFB1
134,134,BASP1
135,135,LTBP4
136,136,CLTA
137,137,PTMS
138,138,PHB
139,139,MST1
140,140,LGALS3BP
141,141,RPLP1
142,142,HSPG2
143,143,ADH4
144,144,TNC
145,145,APOB
146,146,FCER1G
147,147,CLEC11A
148,148,KRT19
149,149,APLP1
150,150,KRT9
151,151,UBE2O
152,152,VMA21
153,153,KIF2A
154,154,DCHS1
155,155,LRP1
156,156,JUP
157,157,AGT
158,158,ITLN1
159,159,LSAMP
160,160,VCL
161,161,PSMA2
162,162,HYOU1
163,163,CORO1A
164,164,QSOX1
165,165,COL6A3
166,166,LCAT
167,167,ALDOA
168,168,FCGR2A
169,169,CAT
170,170,LAMB1
171,171,A2M
172,172,PRKAR2B
173,173,CLSTN1
174,174,C7
175,175,STRAP
176,176,PDIA6
177,177,FAM177A1
178,178,APOE
179,179,SERPINB3
180,180,TGFBI
181,181,UBA1
182,182,ADH5
183,183,ETFA
184,184,HSPD1
185,185,SPTA1
186,186,ALAD
187,187,ADH1B
188,188,COL18A1
189,189,ENO1
190,190,C3
191,191,LMNA
192,192,ANXA1
193,193,COTL1
194,194,PGK1
195,195,CFI
196,196,PSTPIP2
197,197,LASP1
198,198,GNB2
199,199,F10
200,200,PTTG1IP
201,201,ACTN1
202,202,ACTN4
203,203,GNB4
204,204,MANSC1
205,205,ECM1
206,206,THBS2
207,207,PNP
208,208,LTF
209,209,FAT4
210,210,CP
211,211,KRTDAP
212,212,PRDX1
213,213,PIGR
214,214,SERPINB6
215,215,SERPINC1
216,216,MFAP4
217,217,CD46
218,218,DLD
219,219,CD109
220,220,ASGR2
221,221,HSP90AB1
222,222,KRT17
223,223,KRT14
224,224,KRT10
225,225,HRG
226,226,PTX3
227,227,CYCS
228,228,HSP90AA1
229,229,SLC3A2
230,230,SERPINA3
231,231,UQCRC1
232,232,APLP2
233,233,EFEMP1
234,234,TNXB
235,235,ITIH3
236,236,SEPTIN2
237,237,SEPTIN7
238,238,TGOLN2
239,239,PTPRC
240,240,LST1
241,241,KRT78
242,242,PF4V1
243,243,SPARCL1
244,244,AKAP12
245,245,FLNA
246,246,ITGA6
247,247,ITIH4
248,248,ITGA2B
249,249,C8G
250,250,NID1
251,251,MARCKS
252,252,ITIH2
253,253,LAMA2
254,254,RALB
255,255,BIN2
256,256,ARHGAP45
257,257,RAB30
258,258,LYVE1
259,259,DSP
260,260,ARHGDIA
261,261,VWF
262,262,FAT1
263,263,KRT5
264,264,SELL
265,265,DCTN1
266,266,THBS1
267,267,CDH1
268,268,GRAP2
269,269,APOA1
270,270,EPS15
271,271,C4B
272,272,RSU1
273,273,C9
274,274,RALA
275,275,DIABLO
276,276,AFM
277,277,LAMA4
278,278,NRCAM
279,279,PKHD1L1
280,280,CAMK1
281,281,THBS4
282,282,APOA5
283,283,PPA2
284,284,MMP9
285,285,CD36
286,286,SVEP1
287,287,C5
288,288,LAMC1
289,289,SLC2A14
290,290,NPEPPS
291,291,OTUB1
292,292,FN3K
293,293,ADSL
294,294,AMBP
295,295,RPLP0
296,296,GSTP1
297,297,NELL2
298,298,APOM
299,299,CSF1
300,300,RAB10
301,301,CMTM5
302,302,VAMP7
303,303,CD14
304,304,MMP19
305,305,SERPINB9
306,306,COMP
307,307,MMP2
308,308,PLG
309,309,ESD
310,310,LAMP1
311,311,TFRC
312,312,C1QBP
313,313,TUBA4A
314,314,MGAT1
315,315,IGFALS
316,316,KNG1
317,317,MDH2
318,318,GSN
319,319,PLTP
320,320,ITGA5
321,321,DPP4
322,322,TXNL1
323,323,FCGBP
324,324,FERMT3
325,325,ITGA2
326,326,HDGF
327,327,CORO1B
328,328,QSOX2
329,329,CFH
330,330,AZGP1
331,331,PTPN6
332,332,HSPA4
333,333,INHBC
334,334,PSMB1
335,335,CPN2
336,336,SYTL4
337,337,WAS
338,338,SOD3
339,339,ADAMTS13
340,340,KRT13
341,341,PTPRF
342,342,PGLYRP2
343,343,EIF2S1
344,344,TSKU
345,345,H2AC11
346,346,CD59
347,347,ATP5PD
348,348,DPT
349,349,GSTK1
350,350,STK4
351,351,RPL22
352,352,LAMB2
353,353,EFEMP2
354,354,SPAG9
355,355,CNN2
356,356,CES1
357,357,SDC4
358,358,ST8SIA4
359,359,OSTF1
360,360,APOA2
361,361,ITGAV
362,362,COLEC10
363,363,DBH
364,364,PDCD6
365,365,PCSK9
366,366,FBN1
367,367,PCDH12
368,368,WDR1
369,369,ATP5F1B
370,370,F8
371,371,LDLR
372,372,CLTC
373,373,SULT1A3
374,374,PPP2CA
375,375,PROS1
376,376,ANGPTL6
377,377,FGB
378,378,NAPA
379,379,NID2
380,380,PSMB8
381,381,CFHR5
382,382,C8A
383,383,CAMP
384,384,ST13
385,385,ADAM10
386,386,SGTA
387,387,AP1S2
388,388,CORO1C
389,389,FETUB
390,390,CTSD
391,391,COLEC11
392,392,PRG4
393,393,PSMA5
394,394,TGM1
395,395,CNDP1
396,396,PSMB4
397,397,CD9
398,398,AEBP1
399,399,PTPRZ1
400,400,SCRN1
401,401,CPQ
402,402,BCHE
403,403,TUBB
404,404,ARL1
405,405,SERPING1
406,406,PSMA6
407,407,FAM3C
408,408,COPS4
409,409,FGG
410,410,CASS4
411,411,RETN
412,412,PCBP1
413,413,FHL1
414,414,PSMA7
415,415,SOD2
416,416,PACSIN2
417,417,GRB2
418,418,SNCA
419,419,HSPA5
420,420,APOA4
421,421,PON1
422,422,GC
423,423,STOM
424,424,ITGB3
425,425,ARPC5
426,426,APOL1
427,427,NCSTN
428,428,RAP2B
429,429,RHEB
430,430,SHBG
431,431,TXNDC5
432,432,IGFBP3
433,433,ARPC5L
434,434,TWSG1
435,435,C4BPA
436,436,TYMP
437,437,PSMC2
438,438,CST3
439,439,SBSN
440,440,UQCRB
441,441,DSC1
442,442,TGFB1
443,443,STIM1
444,444,S100A4
445,445,APEH
446,446,KRT27
447,447,KRT16
448,448,MACF1
449,449,ESAM
450,450,GPLD1
451,451,AGRN
452,452,RUVBL1
453,453,GP9
454,454,TMOD3
455,455,DPEP2
456,456,CIAO2A
457,457,ALCAM
458,458,FTL
459,459,CFB
460,460,ITGB2
461,461,LRG1
462,462,SERPINI1
463,463,SELPLG
464,464,LTBP1
465,465,NOTCH2
466,466,C2
467,467,IGFBP1
468,468,LYPLA1
469,469,WARS1
470,470,MGLL
471,471,OAF
472,472,RASGRP2
473,473,C4BPB
474,474,PZP
475,475,GANAB
476,476,HAGH
477,477,UNC13D
478,478,RGS19
479,479,BST1
480,480,EPDR1
481,481,GSR
482,482,ICOSLG
483,483,ECE1
484,484,C6
485,485,S100A8
486,486,DSG1
487,487,PRDX5
488,488,PGAM1
489,489,ISLR
490,490,HPX
491,491,FCN3
492,492,ALDOB
493,493,CLU
494,494,PSMC6
495,495,MBL2
496,496,PSMA1
497,497,F11
498,498,CD44
499,499,F2
500,500,HEG1
501,501,IGFBP5
502,502,TUBB1
503,503,FBLN2
504,504,GCA
505,505,FGA
506,506,CSF1R
507,507,SELP
508,508,EIF3K
509,509,MSN
510,510,TUBB4B
511,511,PARK7
512,512,INHBE
513,513,MPST
514,514,NDUFA7
515,515,DSC3
516,516,SERPINA4
517,517,SRL
518,518,ATRN
519,519,SERPINF1
520,520,DDB1
521,521,GP1BA
522,522,H2BC12
523,523,GNAI2
524,524,TPM2
525,525,CDC37
526,526,PMEL
527,527,CETP
528,528,PLXNB2
529,529,LRRFIP2
530,530,PRDX3
531,531,CLIP1
532,532,APPL2
533,533,CTTN
534,534,PAM
535,535,RAB8A
536,536,HLA-DRA
537,537,NDUFA2
538,538,IGHV3-72
539,539,NUCB1
540,540,EMILIN1
541,541,IGFBP6
542,542,RP2
543,543,PROZ
544,544,CD93
545,545,C1RL
546,546,C16orf54
547,547,EMD
548,548,KRT80
549,549,NCK2
550,550,PECAM1
551,551,CSPG4
552,552,SPARC
553,553,AXL
554,554,CRP
555,555,ARHGDIB
556,556,CHMP5
557,557,IGF1
558,558,IL6ST
559,559,PSMC3
560,560,AK2
561,561,CRLF3
562,562,STOML2
563,563,CANX
564,564,HLA-B
565,565,HLA-C
566,566,TSG101
567,567,ATP5F1D
568,568,PON3
569,569,LAMTOR2
570,570,TBCB
571,571,VCAN
572,572,LPL
573,573,MMRN1
574,574,KRT3
575,575,CZIB
576,576,ECHS1
577,577,HSPA9
578,578,PTGDS
579,579,HSPA1A
580,580,ANPEP
581,581,HSPB1
582,582,L1CAM
583,583,AHSG
584,584,F13A1
585,585,HINT2
586,586,PRKCSH
587,587,ASAP1
588,588,FLOT1
589,589,CST6
590,590,TNN
591,591,CFHR3
592,592,USP5
593,593,PI16
594,594,SERPINA7
595,595,KRT4
596,596,STX11
597,597,CDHR2
598,598,HSPA8
599,599,APOBR
600,600,PARVB
601,601,MYCT1
602,602,GLIPR2
603,603,TPM4
604,604,APOC3
605,605,COPS6
606,606,GP6
607,607,ARPC2
608,608,KRT8
609,609,ERAP1
610,610,SORL1
611,611,ARPC1B
612,612,EIF4G2
613,613,FAH
614,614,PLXDC2
615,615,COX4I1
616,616,DECR1
617,617,PSMB5
618,618,LBP
619,619,COPS7B
620,620,PRDX2
621,621,PSMA4
622,622,KPRP
623,623,CDH23
624,624,TPM1
625,625,PSMB7
626,626,APOH
627,627,PODXL
628,628,KRT6B
629,629,NRP1
630,630,RAB7A
631,631,HABP2
632,632,LRRC59
633,633,PTPRG
634,634,CFD
635,635,PSMB10
636,636,LYZ
637,637,PCOLCE
638,638,DAG1
639,639,MYL9
640,640,LPA
641,641,CALCOCO1
642,642,UQCRC2
643,643,ATP1A1
644,644,PSMC5
645,645,THBS3
646,646,CPB2
647,647,PSMD14
648,648,TUBA1C
649,649,CDH19
650,650,ASAP2
651,651,NRBP1
652,652,BABAM1
653,653,HP
654,654,P3H1
655,655,PTPRJ
656,656,APP
657,657,RAC2
658,658,MAT2B
659,659,GPI
660,660,INF2
661,661,RHOG
662,662,F11R
663,663,SERPINA1
664,664,TUBA8
665,665,SNX2
666,666,GAS6
667,667,KIT
668,668,NAPG
669,669,CA2
670,670,PKP1
671,671,VTN
672,672,MPO
673,673,KIAA0513
674,674,SH3GL1
675,675,FCGR3A
676,676,APOC4
677,677,FAM49B
678,678,DSG2
679,679,GP1BB
680,680,SERPINA10
681,681,MAN1A1
682,682,RAB37
683,683,GSPT1
684,684,EIF1AX
685,685,ARPC3
686,686,TPP1
687,687,APCS
688,688,GLRX3
689,689,ANXA2
690,690,GPNMB
691,691,SAA4
692,692,C8B
693,693,ITGB1
694,694,RAP1A
695,695,GRN
696,696,ACTBL2
697,697,CADM1
698,698,CD5L
699,699,F13B
700,700,F12
701,701,CLEC3B
702,702,CFHR4
703,703,FBLN5
704,704,SELENOP
705,705,CALR
706,706,CFHR2
707,707,KLKB1
708,708,ADGRG6
709,709,C1R
710,710,PGD
711,711,TXN
712,712,SRGN
713,713,APOD
714,714,PCYOX1
715,715,FGFR1
716,716,C1S
717,717,ICAM3
718,718,IGFBP4
719,719,PROC
720,720,CCL5
721,721,ADGRF5
722,722,CFP
723,723,ACAN
724,724,ADAMTSL2
725,725,JCHAIN
726,726,CDHR5
727,727,KLC1
728,728,TGM3
729,729,ECI1
730,730,SKAP2
731,731,VCAM1
732,732,SPP2
733,733,CCT4
734,734,APOF
735,735,BTD
736,736,PDIA3
737,737,TMED8
738,738,ROCK2
739,739,DCD
740,740,ARF4
741,741,ARF1
742,742,H4C1
743,743,FLT4
744,744,TPI1
745,745,RELN
746,746,HPCAL1
747,747,DKK3
748,748,TAGLN2
749,749,GLUD1
750,750,F9
751,751,JAM3
752,752,IGHV3-15
753,753,CRTAC1
754,754,OGN
755,755,PDHB
756,756,GLO1
757,757,SERPINF2
758,758,PPIB
759,759,PDLIM7
760,760,PDIA4
761,761,PGRMC2
762,762,PGRMC1
763,763,PRDX6
764,764,CLDN3
765,765,IGF2R
766,766,ERP29
767,767,NRP2
768,768,SELENBP1
769,769,FUCA1
770,770,TJP2
771,771,CHL1
772,772,VIM
773,773,NEO1
774,774,SOD1
775,775,LMAN2
776,776,P4HB
777,777,TRIM58
778,778,ATP6AP2
779,779,DYNLL1
780,780,SH3BGRL
781,781,COL6A2
782,782,EHD1
783,783,HSP90B1
784,784,COL12A1
785,785,ACTR3
786,786,CPNE3
787,787,ARG1
788,788,ORM2
789,789,ACTR2
790,790,RAB11FIP3
791,791,VSIG4
792,792,TMED9
793,793,CD58
794,794,UBE2N
795,795,LDHA
796,796,ERP44
797,797,PRG3
798,798,MLEC
799,799,ATF6B
800,800,IL1RAP
801,801,MYLK
802,802,B3GNT2
803,803,CD226
804,804,SDF4
805,805,GDI2
806,806,TPT1
807,807,PRKCB
808,808,FBLN1
809,809,ANGPTL3
810,810,TMED10
811,811,HPRT1
812,812,IQGAP2
813,813,BGN
814,814,S100A9
815,815,SEC22B
816,816,FYB1
817,817,GOLM1
818,818,PITHD1
819,819,ACTC1
820,820,NOTCH1
821,821,PDCD6IP
822,822,RAB32
823,823,DCTN2
824,824,C1orf198
825,825,RBP4
826,826,SAA2
827,827,CASP14
828,828,MINPP1
829,829,PLXNB1
830,830,TIMD4
831,831,FCN1
832,832,VBP1
833,833,HARS1
834,834,C1QA
835,835,SERPIND1
836,836,ENDOD1
837,837,NME1
838,838,NME2
839,839,HGFAC
840,840,PDE5A
841,841,DNASE1
842,842,COPE
843,843,KRT31
844,844,MANF
845,845,CRKL
846,846,CD55
847,847,THSD1
848,848,RAP1B
849,849,RAB2A
850,850,DOK3
851,851,CDH5
852,852,GNAQ
853,853,MAVS
854,854,POF1B
855,855,DOK2
856,856,IGHV1-3
857,857,CAB39
858,858,SSBP1
859,859,KRT77
860,860,CCT5
861,861,MDH1B
862,862,SUSD1
863,863,GPC1
864,864,C12orf75
865,865,COL1A1
866,866,B2M
867,867,TUBA1A
868,868,GGH
869,869,FGL1
870,870,PRDX4
871,871,NOTCH3
872,872,CBLN1
873,873,CBLN2
874,874,RARRES2
875,875,CALD1
876,876,NEXN
877,877,MMRN2
878,878,PLSCR1
879,879,SFTPB
880,880,VAPA
881,881,VAPB
882,882,SLC9A3R1
883,883,CPN1
884,884,CCT2
885,885,CHGA
886,886,TSN
887,887,EIF4E
888,888,ADAMDEC1
889,889,LUM
890,890,EIF5A
891,891,PLEK
892,892,COX5B
893,893,GSTO1
894,894,PIK3IP1
895,895,RAP1GAP2
896,896,GNA13
897,897,FGL2
898,898,EIF4A1
899,899,SERPINA6
900,900,MFAP2
901,901,PPBP
902,902,MCAM
903,903,C2orf88
904,904,RAB1A
905,905,ATP2A3
906,906,APOC1
907,907,GCLM
908,908,UGP2
909,909,CTSA
910,910,HBB
911,911,SEZ6L2
912,912,SDC1
913,913,MINDY1
914,914,CD47
915,915,PSMB9
916,916,RPS27A
917,917,TSPAN9
918,918,FAP
919,919,MYL1
920,920,GM2A
921,921,EEF1A1
922,922,ELOC
923,923,MFAP5
924,924,IST1
925,925,UQCRFS1
926,926,SAR1A
927,927,LRBA
928,928,SPTBN1
929,929,PSAP
930,930,OMD
931,931,PLXDC1
932,932,GBP1
933,933,ATP5ME
934,934,COPS7A
935,935,DDT
936,936,MOB1A
937,937,GUSB
938,938,CASC4
939,939,ECM2
940,940,SSC5D
941,941,PIP
942,942,FLG2
943,943,IDS
944,944,DSC2
945,945,ATP5F1A
946,946,MYL12A
947,947,RILPL2
948,948,PGLS
949,949,LRRC57
950,950,YOD1
951,951,DPM3
952,952,LCN2
953,953,PCMT1
954,954,BCL2L1
955,955,SRI
956,956,CYB5B
957,957,CMPK1
958,958,CD99
959,959,GGCT
960,960,FLG
961,961,ARCN1
962,962,B4GAT1
963,963,TIMP1
964,964,APMAP
965,965,CCDC126
966,966,PTPN12
967,967,ORM1
968,968,SEC31A
969,969,CTSB
970,970,CDH6
971,971,MPP1
972,972,FGFR1OP2
973,973,COL14A1
974,974,VASN
975,975,ASAH1
976,976,APOC2
977,977,SH3BGRL2
978,978,HOOK3
979,979,PRNP
980,980,TNPO1
981,981,LCP2
982,982,TSPAN2
983,983,ANGPT1
984,984,SEC13
985,985,PSMC1
986,986,GET3
987,987,ABI3BP
988,988,EIF3J
989,989,AP3S1
990,990,PFDN6
991,991,PDGFRB
992,992,RHOA
993,993,ETFB
994,994,RGS18
995,995,SNED1
996,996,GATD3A
997,997,UBASH3B
998,998,LAT
999,999,CAPN2
1000,1000,ENO2
1001,1001,CHST3
1002,1002,CTSF
1003,1003,MPIG6B
1004,1004,RANBP1
1005,1005,TICAM2
1006,1006,PPP1R12A
1007,1007,C1QB
1008,1008,VPS29
1009,1009,RAB5C
1010,1010,TFPI
1011,1011,ESYT1
1012,1012,SSR4
1013,1013,CXCL12
1014,1014,PURB
1015,1015,PURA
1016,1016,SAA1
1017,1017,PGM1
1018,1018,IGF2
1019,1019,CDH11
1020,1020,BSG
1021,1021,BLVRA
1022,1022,ZYX
1023,1023,PEAR1
1024,1024,MIA3
1025,1025,OLFM1
1026,1026,TXNDC15
1027,1027,CBR1
1028,1028,EGF
1029,1029,SERPINE1
1030,1030,TMX1
1031,1031,AP2S1
1032,1032,COPS8
1033,1033,ANTXR1
1034,1034,ANXA5
1035,1035,MAN2A1
1036,1036,HBA1
1037,1037,CYB5A
1038,1038,UCHL3
1039,1039,KRT71
1040,1040,USP47
1041,1041,TESC
1042,1042,HPSE
1043,1043,PTP4A2
1044,1044,RAB22A
1045,1045,ARHGAP1
1046,1046,NOMO1
1047,1047,CMIP
1048,1048,TREML1
1049,1049,CCS
1050,1050,CPVL
1051,1051,GPX3
1052,1052,C1QC
1053,1053,PPIF
1054,1054,HPR
1055,1055,COX6B1
1056,1056,DNAJB11
1057,1057,GDI1
1058,1058,PRG2
1059,1059,F7
1060,1060,C1QTNF3
1061,1061,COL15A1
1062,1062,HRC
1063,1063,GOT2
1064,1064,AKR7A2
1065,1065,UBE2H
1066,1066,NDUFA4
1067,1067,HTRA1
1068,1068,PCDH18
1069,1069,ADAMTS1
1070,1070,CDC42BPB
1071,1071,PPP1R7
1072,1072,ANXA7
1073,1073,RAB1B
1074,1074,SUSD5
1075,1075,GAPDH
1076,1076,RAB5B
1077,1077,FSTL1
1078,1078,MADCAM1
1079,1079,PFDN2
1080,1080,SELENOF
1081,1081,CTSS
1082,1082,PPM1L
1083,1083,LTBP2
1084,1084,LSM3
1085,1085,ADIPOQ
1086,1086,PRUNE1
1087,1087,GSDMA
1088,1088,PLBD1
1089,1089,CHGB
1090,1090,CD82
1091,1091,ESYT2
1092,1092,VAMP8
1093,1093,CNST
1094,1094,ENG
1095,1095,VDAC2
1096,1096,CSRP1
1097,1097,ETF1
1098,1098,SPON1
1099,1099,HSPE1
1100,1100,WDR44
1101,1101,EEF2
1102,1102,COPG1
1103,1103,HSD17B10
1104,1104,CHMP4B
1105,1105,EFNB1
1106,1106,COX7A2
1107,1107,GMPR
1108,1108,SLC25A3
1109,1109,SVIP
1110,1110,VPS4B
1111,1111,LAMP2
1112,1112,CTSH
1113,1113,COX5A
1114,1114,RPIA
1115,1115,AHCY
1116,1116,AHCYL1
1117,1117,FIS1
1118,1118,HMGB1
1119,1119,PYGB
1120,1120,COL6A1
1121,1121,PLEC
1122,1122,PCDH1
1123,1123,STRN
1124,1124,ISOC1
1125,1125,CLNS1A
1126,1126,SKP1
1127,1127,PSMD9
1128,1128,PLIN1
1129,1129,TPD52L2
1130,1130,CYC1
1131,1131,LCN1
1132,1132,DPYSL2
1133,1133,SERPINA11
1134,1134,PEBP1
1135,1135,CNDP2
1136,1136,ADAMTS8
1137,1137,LGALS7
1138,1138,SRC
1139,1139,FST
1140,1140,TOLLIP
1141,1141,HRNR
1142,1142,FGFBP2
1143,1143,CAPN1
1144,1144,PPM1A
1145,1145,ADD1
1146,1146,COPS5
1147,1147,SPN
1148,1148,PSMD13
1149,1149,XPNPEP1
1150,1150,CSK
1151,1151,COPB2
1152,1152,CDSN
1153,1153,CTSC
1154,1154,RUVBL2
1155,1155,FCN2
1156,1156,LAMTOR5
1157,1157,S100A7
1158,1158,PCDHGC3
1159,1159,TGFBR3
1160,1160,COMT
1161,1161,ANXA11
1162,1162,SPTAN1
1163,1163,LAP3
1164,1164,GP5
1165,1165,FKBP1A
1166,1166,FKBP2
1167,1167,IDH1
1168,1168,GGT1
1169,1169,VDAC1
1170,1170,STC2
1171,1171,TMED2
1172,1172,FAM162A
1173,1173,OIT3
1174,1174,EIF6
1175,1175,IVL
1176,1176,PTGES3
1177,1177,RTN4RL2
1178,1178,DMTN
1179,1179,CALU
1180,1180,RTN4
1181,1181,STX4
1182,1182,PLP2
1183,1183,EIF3I
1184,1184,PRAP1
1185,1185,CLEC1B
1186,1186,LAMTOR1
1187,1187,LGALS3
1188,1188,PCBP2
1189,1189,ACAA1
1190,1190,PLIN3
1191,1191,PF4
1192,1192,EMILIN2
1193,1193,ST3GAL6
1194,1194,NACA
1195,1195,SEZ6L
1196,1196,UBE2L3
1197,1197,ACP1
1198,1198,ITM2B
1199,1199,ANP32B
1200,1200,CTSG
1201,1201,PRPS1
1202,1202,DERA
1203,1203,BAX
1204,1204,LMNB1
1205,1205,FLOT2
1206,1206,OLA1
1207,1207,PPP2R1A
1208,1208,CD84
1209,1209,BRCC3
1210,1210,GNA14
1211,1211,RAB18
1212,1212,G6PD
1213,1213,PAFAH1B2
1214,1214,GPX4
1215,1215,AP4S1
1216,1216,TCP1
1217,1217,RPLP2
1218,1218,NDUFA5
1219,1219,PSMD8
1220,1220,CAPNS1
1221,1221,ICAM2
1222,1222,WDR77
1223,1223,ARF6
1224,1224,KIF5B
1225,1225,PNPLA8
1226,1226,HNRNPK
1227,1227,BCL2L13
1228,1228,ADAMTSL4
1229,1229,MT-CO2
1230,1230,CCT7
1231,1231,RTRAF
1232,1232,CDH13
1233,1233,UBE2V1
1234,1234,CNPY2
1235,1235,DEFA1
1236,1236,PDCD10
1237,1237,FITM1
1238,1238,PFDN5
1239,1239,SH3BGRL3
1240,1240,RHOC
1241,1241,CDH2
1242,1242,SEMA4B
1243,1243,GNAI3
1244,1244,IGKV2-40
1245,1245,ASPN
1246,1246,PRSS1
1247,1247,CELSR1
1248,1248,PPIC
1249,1249,ATP5MG
1250,1250,PLXNA4
1251,1251,PSME1
1252,1252,NTRK2
1253,1253,CIAO1
1254,1254,GOLGA7
1255,1255,VPS4A
1256,1256,NDUFS3
1257,1257,DCTN3
1258,1258,FN1
1259,1259,IL7R
1260,1260,MASP1
1261,1261,PSMB6
1262,1262,EHD3
1263,1263,NBL1
1264,1264,NUTF2
1265,1265,MYCBP
1266,1266,RNF11
1267,1267,BTF3L4
1268,1268,EIF5
1269,1269,ANTXR2
1270,1270,CSTA
1271,1271,IGFBP2
1272,1272,CD151
1273,1273,CASP3
1274,1274,GXYLT1
1275,1275,RRAS
1276,1276,NSFL1C
1277,1277,ZG16B
1278,1278,ATP6AP1
1279,1279,RECK
1280,1280,DMKN
1281,1281,DLST
1282,1282,LECT2
1283,1283,CYFIP1
1284,1284,NUCB2
1285,1285,PYGL
1286,1286,SYK
1287,1287,TRAPPC3
1288,1288,SHMT2
1289,1289,SMS
1290,1290,SLK
1291,1291,HNRNPC
1292,1292,MIF
1293,1293,ATP6V0D1
1294,1294,CAB39L
1295,1295,ICAM1
1296,1296,IGKV1-33
1297,1297,HDHD2
1298,1298,ANK1
1299,1299,ARHGAP6
1300,1300,S100A6
1301,1301,RGCC
1302,1302,LYN
1303,1303,C18orf63
1304,1304,BLVRB
1305,1305,STX12
1306,1306,ERBIN
1307,1307,SCP2
1308,1308,NCCRP1
1309,1309,VDAC3
1310,1310,PRSS2
1311,1311,KALRN
1312,1312,UTS2
1313,1313,PTPA
1314,1314,NIPSNAP3A
1315,1315,BPIFA1
1316,1316,NAP1L1
1317,1317,RAB3C
1318,1318,UBA5
1319,1319,IFITM1
1320,1320,MGP
1321,1321,CTSL
1322,1322,PRKAR2A
1323,1323,ITGBL1
1324,1324,STXBP2
1325,1325,FKBP15
1326,1326,SLF1
1327,1327,ANGPTL8
1328,1328,CD69
1329,1329,PDGFC
1330,1330,CDC42
1331,1331,GNG11
1332,1332,IGKV2D-29
1333,1333,SND1
1334,1334,SPP1
1335,1335,GNPTG
1336,1336,MASP2
1337,1337,WIPF1
1338,1338,LRRFIP1
1339,1339,WASF2
1340,1340,PDIA5
1341,1341,NRAS
1342,1342,M6PR
1343,1343,BABAM2
1344,1344,UQCRH
1345,1345,LSM1
1346,1346,ADGRL4
1347,1347,EEF1B2
1348,1348,VPS37B
1349,1349,CD40LG
1350,1350,GYPA
1351,1351,ADRM1
1352,1352,CSTB
1353,1353,PLEKHO2
1354,1354,SHROOM3
1355,1355,DCK
1356,1356,SNAP29
1357,1357,MTDH
1358,1358,CD34
1359,1359,UMOD
1360,1360,SLC2A1
1361,1361,CFHR1
1362,1362,PTPRB
1363,1363,CEACAM1
1364,1364,PROCR
1365,1365,NCAM1
1366,1366,UBA7
1367,1367,RBPMS2
1368,1368,NDUFS8
1369,1369,MAN2A2
1370,1370,BLOC1S1
1371,1371,FBLN7
1372,1372,CUTA
1373,1373,PDE3A
1374,1374,ACTN3
1375,1375,SYPL1
1376,1376,NDUFB11
1377,1377,STIP1
1378,1378,HYDIN
1379,1379,SUMO2
1380,1380,B4GALT5
1381,1381,POTEI
1382,1382,ECH1
1383,1383,DARS1
1384,1384,FGFR3
1385,1385,STON2
1386,1386,PVR
1387,1387,CCT6A
1388,1388,PRSS3
1389,1389,MSRA
1390,1390,UFM1
1391,1391,NIBAN1
1392,1392,C1QTNF5
1393,1393,ACTR1B
1394,1394,CD63
1395,1395,RAB21
1396,1396,PSMD7
1397,1397,ELANE
1398,1398,CISD2
1399,1399,IGLL1
1400,1400,TTYH3
1401,1401,DBNL
1402,1402,CAPRIN1
1403,1403,CSNK2B
1404,1404,LSM2
1405,1405,LMAN1
