Protein,Cohort,Missing % (Before),Median (Before),IQR (Before),Median (After),IQR (After)
SUGT1,AAA,39.13,8.057991,1.0129232,7.535470597743988,0.9006684231758122
SUGT1,AAA + Diab,10.0,7.9199286,0.87428284,7.959691662788391,0.7599742412567139
SUGT1,Control,60.0,7.926983,0.8586774,7.958581347465515,0.2674853277206406
RBX1,AAA,36.96,8.802241,1.1074467,8.317575025558472,0.8385166263580324
RBX1,AAA + Diab,5.0,8.828863,0.5994034,8.811189651489258,0.5636754035949707
RBX1,Control,33.33,8.291451,0.6281624,8.406639361381531,0.22427153587341309
PEPD,AAA,28.26,7.3515286,0.86477566,7.068915843963623,0.7196034824848176
PEPD,AAA + Diab,5.0,7.049834,0.69521046,7.021268954277039,0.5784493684768677
PEPD,Control,40.0,7.4253063,0.70938015,7.301659913063049,0.26423313379287716
CLIC4,AAA,43.48,7.941454,0.9713001,7.484896740913391,0.6608092272281647
CLIC4,AAA + Diab,20.0,7.4723396,0.8694539,7.472339391708374,0.6497021913528442
CLIC4,Control,60.0,7.601588,1.083025,7.679726309776306,0.17684481859207146
ANXA3,AAA,34.78,7.7414646,0.63763285,7.579221112728119,0.4829272401332858
ANXA3,AAA + Diab,5.0,7.800471,0.72882175,7.7990522384643555,0.6864410638809204
ANXA3,Control,33.33,7.855047,1.5779514,7.9781898546218875,0.6334471201896665
TKT,AAA,21.74,7.562272,1.0830817,7.320496277809143,0.9743543434143067
TKT,AAA + Diab,5.0,7.5703235,0.5849161,7.567350387573242,0.5522861480712891
TKT,Control,46.67,7.668336,0.8185797,7.589061260223389,0.30919656276702856
H1-4,AAA,45.65,7.653779,1.2083697,7.55782541513443,0.39184674620628357
H1-4,AAA + Diab,35.0,7.9474616,0.7546077,7.963848087787628,0.4335765838623047
H1-4,Control,80.0,9.069225,1.6496658,9.88956932067871,0.16375148773193438
POSTN,AAA,2.17,7.762791,0.40940285,7.773206949234009,0.4035276699066159
POSTN,AAA + Diab,5.0,7.6677833,0.30849552,7.686901807785034,0.33661580085754395
POSTN,Control,20.0,7.859177,0.30886984,7.813410634994507,0.1328527879714967
DUSP3,AAA,28.26,8.634887,1.2500496,8.029346497058869,1.0779753923416138
DUSP3,AAA + Diab,5.0,8.59942,0.8586545,8.571244249343872,0.821807861328125
DUSP3,Control,40.0,8.069981,0.6890588,8.06998062133789,0.22402732372284007
BASP1,AAA,34.78,7.5068903,0.8777561,7.435660898685455,0.5285749590396884
BASP1,AAA + Diab,5.0,7.3669767,1.0587616,7.394726037979126,1.0320873260498047
BASP1,Control,33.33,7.300906,0.6265621,7.27390193939209,0.3480849075317387
ADH5,AAA,39.13,7.9923854,0.6856098,7.726010148525238,0.6229215419292444
ADH5,AAA + Diab,5.0,8.070761,0.298728,8.070724964141846,0.3294412887096403
ADH5,Control,46.67,8.079208,0.746192,8.31422779083252,0.36751589059829826
CYCS,AAA,50.0,7.779836,0.8009939,7.421753182411194,0.5116532313823701
CYCS,AAA + Diab,10.0,7.7227526,0.61247444,7.680109977722168,0.5313445460796355
CYCS,Control,53.33,7.6226263,1.2797661,7.514308342933655,0.45430752277374253
SLC3A2,AAA,15.22,7.4213223,0.69308615,7.3717752456665036,0.5226120948791504
SLC3A2,AAA + Diab,10.0,7.5231543,0.6563597,7.545909905433655,0.5830047130584717
SLC3A2,Control,46.67,7.1485953,0.47333765,7.111748442649842,0.09282648324966392
LST1,AAA,45.65,8.516158,0.40284443,8.353018555641174,0.3286915040016183
LST1,AAA + Diab,15.0,8.59578,0.4267931,8.63014256477356,0.40799546241760254
LST1,Control,66.67,8.534687,0.4879923,8.641277904510497,0.1390452241897595
DIABLO,AAA,45.65,8.586895,1.0486631,7.948441932201385,0.9338983285427096
DIABLO,AAA + Diab,15.0,8.877117,0.58843327,8.862048897743225,0.4099453699588782
DIABLO,Control,46.67,7.798227,0.56350994,7.857962155342102,0.2997662329673769
ADSL,AAA,41.3,8.383231,0.75558853,8.021527090072631,0.6240322482585903
ADSL,AAA + Diab,10.0,8.11454,0.8365526,8.149968161582947,0.7795348167419434
ADSL,Control,60.0,8.496949,0.471941,8.365288667678833,0.25504427909851124
VAMP7,AAA,15.22,8.414377,1.3954182,7.955530142784118,1.0731882047653203
VAMP7,AAA + Diab,15.0,9.095903,1.1736822,8.92492787361145,0.8992759656906131
VAMP7,Control,46.67,8.594408,0.7439947,8.459759984016419,0.22921120166778586
SERPINB9,AAA,47.83,8.379692,0.6513252,8.114163539409638,0.4464823412895207
SERPINB9,AAA + Diab,15.0,8.405681,1.0724006,8.334511723518371,0.8529385697841647
SERPINB9,Control,53.33,8.173654,0.5463848,8.171113204956054,0.0865271735191353
ESD,AAA,43.48,8.247883,0.98913,8.015128338336945,0.3535916757583619
ESD,AAA + Diab,20.0,8.190687,0.32635212,8.169994409084321,0.30425214767456055
ESD,Control,66.67,8.612268,0.5572424,8.502795753479004,0.2254137611389151
RPL22,AAA,41.3,9.399733,1.3804474,9.032565078735352,0.7094814777374268
RPL22,AAA + Diab,10.0,9.058826,1.9556828,9.242957592010498,1.714247226715088
RPL22,Control,46.67,9.289281,1.9565792,9.54347388267517,0.40735335826873786
LAMB2,AAA,19.57,7.3733377,0.5611348,7.286400113105774,0.5101790797710422
LAMB2,AAA + Diab,20.0,7.2255325,0.25559092,7.252135152816773,0.19466209411621094
LAMB2,Control,53.33,7.177335,0.26537895,7.225931115150452,0.041933262348175404
SPAG9,AAA,50.0,7.6146655,0.71593523,7.235092034339905,0.5465055096149447
SPAG9,AAA + Diab,15.0,7.509263,0.700181,7.464858055114746,0.5904074907302856
SPAG9,Control,40.0,6.9527698,0.8434768,7.0388425970077515,0.20813409566879315
PDCD6,AAA,26.09,7.5972033,0.65331984,7.543950734138489,0.477953578233719
PDCD6,AAA + Diab,15.0,7.564572,0.5578828,7.580755109786987,0.4716583490371704
PDCD6,Control,53.33,7.7747426,0.59870386,7.67395215511322,0.3102517032623293
CPQ,AAA,6.52,7.835125,0.6047292,7.844121694564819,0.5198006629943848
CPQ,AAA + Diab,10.0,7.9073887,0.40607738,7.90738844871521,0.3564364683628085
CPQ,Control,33.33,7.8971314,0.30101347,7.926764965057373,0.20936244964599737
FAM3C,AAA,28.26,7.7204223,0.50457716,7.510602235794067,0.66491141796112
FAM3C,AAA + Diab,10.0,7.700434,0.47878695,7.6528849601745605,0.5151061499118805
FAM3C,Control,60.0,7.5111437,0.17038012,7.496901154518127,0.05901395797729503
ARPC5L,AAA,23.91,7.5805836,1.5738544,7.32935357093811,1.4274800157546998
ARPC5L,AAA + Diab,10.0,7.969755,0.99238396,7.969755411148071,1.0073034369945528
ARPC5L,Control,53.33,7.3882446,0.6981125,7.38824462890625,0.2372487902641307
TYMP,AAA,23.91,7.903414,0.6062536,7.641603231430054,0.5671417462825774
TYMP,AAA + Diab,5.0,7.7423463,0.583128,7.736630439758301,0.5333390235900879
TYMP,Control,53.33,7.949549,0.8049011,7.761386604309082,0.2726139879226688
MACF1,AAA,34.78,7.772937,0.5546608,7.568508722782135,0.6486593878269193
MACF1,AAA + Diab,15.0,7.8848653,0.85229874,7.879658460617065,0.6392569541931152
MACF1,Control,60.0,7.4102726,0.5199938,7.3854837274551395,0.09233541488647479
FTL,AAA,23.91,7.961727,1.0647345,7.997117969989777,0.8113417625427246
FTL,AAA + Diab,10.0,7.782799,0.5990467,7.742190823554992,0.5032148361206055
FTL,Control,53.33,7.866173,0.60174274,7.843899178504944,0.05156415939331005
RGS19,AAA,50.0,7.2370095,0.5391121,7.314440655708313,0.1474810814857488
RGS19,AAA + Diab,20.0,7.232564,0.6135063,7.232563734054565,0.4166243076324463
RGS19,Control,60.0,7.307316,0.51091576,7.2592542552948,0.21098478794097986
PGAM1,AAA,43.48,7.419159,0.79761744,7.255705373287201,0.3882660770416262
PGAM1,AAA + Diab,10.0,7.41889,0.7327056,7.414912967681884,0.6363377571105957
PGAM1,Control,73.33,8.2023115,1.2756557,8.16539074420929,0.07778714656829955
NDUFA7,AAA,45.65,8.505629,0.606349,8.08643759727478,0.7257216632366177
NDUFA7,AAA + Diab,10.0,8.5719185,0.48254585,8.516653537750244,0.36722493171691895
NDUFA7,Control,46.67,8.118061,0.6296849,8.098057470321656,0.25248735666275035
HLA-DRA,AAA,54.35,7.8477974,0.7735257,7.90927864074707,0.3980646634101861
HLA-DRA,AAA + Diab,20.0,7.821373,0.2506976,7.80182147026062,0.18344838261604313
HLA-DRA,Control,66.67,7.9720693,0.6983142,8.027684202194214,0.06533227682113818
RP2,AAA,19.57,8.115225,1.3961253,7.682271559238433,1.2843967545032502
RP2,AAA + Diab,5.0,8.585994,0.5959444,8.557035403251648,0.5503933429718018
RP2,Control,40.0,7.78114,0.7208228,7.723751010894776,0.3806256985664369
CHMP5,AAA,47.83,8.006902,0.6441531,7.903680489063262,0.30123517394065846
CHMP5,AAA + Diab,15.0,8.069076,0.6499233,8.064081432819368,0.5020244634151458
CHMP5,Control,53.33,7.6557913,0.5710449,7.889623317718506,0.17678276538848792
TSG101,AAA,34.78,8.150141,0.68986225,7.8922176265716555,0.529536650180817
TSG101,AAA + Diab,5.0,8.080144,0.76242733,8.057339191436768,0.646154522895813
TSG101,Control,60.0,7.9775004,0.6562567,7.98354718208313,0.138904705047608
TBCB,AAA,47.83,8.27833,0.5599041,7.985047867298126,0.4874730622768402
TBCB,AAA + Diab,20.0,8.154639,0.30154514,8.086690051555633,0.2505636215209961
TBCB,Control,73.33,8.155987,0.27328587,8.162369365692138,0.03673320293426485
CZIB,AAA,36.96,8.0359,0.4119439,7.930755941867828,0.2783087742328645
CZIB,AAA + Diab,10.0,7.949325,0.26781797,7.936590802669525,0.21820151805877686
CZIB,Control,53.33,8.164511,0.63784885,8.083927664756775,0.1750542879104593
ECHS1,AAA,32.61,7.547411,1.0794516,7.213324546813965,1.0888876700401307
ECHS1,AAA + Diab,10.0,7.6093884,0.80392027,7.56731384754181,0.7386347055435181
ECHS1,Control,60.0,7.73555,0.40509272,7.690896229743958,0.22822607994079647
ERAP1,AAA,43.48,7.405385,0.89198446,6.834793894290923,0.8512184500694273
ERAP1,AAA + Diab,10.0,7.1377897,1.219492,7.125680446624756,0.9948872756958007
ERAP1,Control,53.33,7.0118575,0.672348,7.026792817115783,0.09824249744415336
FAH,AAA,26.09,7.364971,0.6063762,7.316000938415527,0.446221386194229
FAH,AAA + Diab,10.0,7.3765965,0.513402,7.334986135959625,0.5053957688808444
FAH,Control,53.33,7.1435075,0.52968884,7.233048028945923,0.10245938301086444
MAT2B,AAA,45.65,7.7271705,1.1731071,6.901306190490723,1.1333812665939327
MAT2B,AAA + Diab,15.0,7.718191,0.36072493,7.690510034561157,0.38097496390342744
MAT2B,Control,53.33,7.2526417,0.8852267,7.333312249183654,0.20032408714294547
NAPG,AAA,34.78,8.226322,1.0942793,7.2974842834472655,1.547010244131089
NAPG,AAA + Diab,10.0,8.301508,0.84466505,8.2728497672081,0.6523562669754028
NAPG,Control,60.0,7.8832836,0.4652195,7.961775207519532,0.14449218034744327
PGD,AAA,41.3,8.026775,0.5587106,7.7922896289825445,0.46607807755470265
PGD,AAA + Diab,10.0,7.787694,0.8052397,7.745046565532684,0.7804245948791504
PGD,Control,53.33,8.235252,1.3560276,8.46344274520874,0.3253308439254763
KLC1,AAA,30.43,7.998152,1.3886938,7.0274858474731445,1.5712809073925014
KLC1,AAA + Diab,15.0,7.8618083,1.103373,7.700313203334808,1.100184440612793
KLC1,Control,60.0,7.4900284,0.8548932,7.608786683082581,0.15915057420730605
HPCAL1,AAA,30.43,7.198912,0.8932309,7.0735095429420465,0.716347507238388
HPCAL1,AAA + Diab,20.0,7.1805534,0.70580626,7.1478352546691895,0.6624832224845889
HPCAL1,Control,73.33,7.639377,0.91990376,7.59055787563324,0.15940364360809234
GLUD1,AAA,47.83,8.1615925,0.6435375,7.8524441099166875,0.5516506171226512
GLUD1,AAA + Diab,20.0,8.076183,1.314259,8.045169773101808,1.1114957332611084
GLUD1,Control,60.0,7.4354544,0.6052246,7.3651598453521725,0.059556252956390665
PDHB,AAA,34.78,8.628849,1.2238474,7.903992772102356,1.4424060702323915
PDHB,AAA + Diab,10.0,8.824774,0.9111891,8.60896635055542,0.9295556545257568
PDHB,Control,46.67,8.184948,0.83971024,7.931241865158081,0.4578572273254391
GLO1,AAA,45.65,7.4337597,0.655097,7.262147336006165,0.39364462494850194
GLO1,AAA + Diab,25.0,7.333246,0.5487642,7.245445728302002,0.47240582823753385
GLO1,Control,73.33,8.201309,0.585196,7.850613732337951,0.11727421998977672
CPNE3,AAA,21.74,7.7659535,1.1458058,7.415183384418487,0.9163261651992798
CPNE3,AAA + Diab,5.0,7.8909464,0.78027153,7.882533550262451,0.7017885446548462
CPNE3,Control,53.33,7.5520153,1.0778084,7.692927093505859,0.19782646179199226
RAB11FIP3,AAA,43.48,7.910775,1.1817021,7.249788148403168,1.366183449029922
RAB11FIP3,AAA + Diab,15.0,8.141673,1.8663363,8.11594295501709,1.8054193258285522
RAB11FIP3,Control,53.33,8.155283,1.5236282,7.777108068466187,0.4713777065277096
VBP1,AAA,15.22,8.707288,1.2642841,8.607110891342163,1.1471978580951694
VBP1,AAA + Diab,10.0,8.87019,0.66716003,8.850565910339355,0.5270969867706299
VBP1,Control,46.67,8.189381,0.8313484,8.112407250404358,0.20470892190933299
HARS1,AAA,41.3,8.042216,0.6536975,7.745579934120178,0.5277035105228425
HARS1,AAA + Diab,15.0,7.7078137,0.6788311,7.740889072418213,0.5731202363967896
HARS1,Control,66.67,7.9097185,0.4281106,7.997898416519165,0.08808767557144215
COPE,AAA,4.35,8.715257,1.5382986,8.571336269378662,1.5435950756072998
COPE,AAA + Diab,5.0,9.4435835,0.996192,9.448100090026855,0.9041807651519775
COPE,Control,33.33,8.667966,1.0089226,8.474173545837402,0.6323430252075184
MANF,AAA,47.83,8.344534,0.737041,7.939493432044983,0.5080539536476127
MANF,AAA + Diab,15.0,8.1094,0.31194305,8.070455281734468,0.3058265805244442
MANF,Control,66.67,8.008256,1.0121679,8.072590160369874,0.07540316581726003
DOK3,AAA,6.52,8.4219675,1.926919,8.344303607940674,1.869013228416443
DOK3,AAA + Diab,5.0,9.159808,0.80470943,9.1138916015625,0.697757527828216
DOK3,Control,33.33,8.537048,0.9349165,8.33185980796814,0.6057818365097045
CAB39,AAA,47.83,7.4628944,0.559813,7.193066005706788,0.42849041700363166
CAB39,AAA + Diab,15.0,7.3022966,0.3872409,7.289421796798706,0.38984358310699463
CAB39,Control,66.67,7.312319,0.5210552,6.218694205284119,0.700648555755615
PLSCR1,AAA,43.48,8.053438,0.23251724,7.936387948989868,0.25660206437110933
PLSCR1,AAA + Diab,10.0,8.275202,0.33367062,8.259425640106201,0.3353348994255061
PLSCR1,Control,33.33,8.038197,0.20307064,8.006517310142517,0.1263289451599121
SFTPB,AAA,15.22,8.340173,0.5024338,8.347126007080078,0.45871059775352485
SFTPB,AAA + Diab,5.0,7.8931985,1.0059619,7.866201660633087,1.0044877529144287
SFTPB,Control,40.0,8.057273,0.555089,8.057272911071777,0.31248704910278313
CCT2,AAA,10.87,7.8420787,1.4665246,7.812691566944123,1.3640085458755493
CCT2,AAA + Diab,5.0,8.037071,0.6044388,8.027923583984375,0.6180178439617157
CCT2,Control,33.33,7.3712807,1.2343445,7.167501516342163,0.7206767725944516
FGL2,AAA,45.65,7.3643703,0.6671705,7.379242849349976,0.38188291192054713
FGL2,AAA + Diab,10.0,7.5172377,0.56178474,7.515318152904511,0.531625509262085
FGL2,Control,46.67,7.56915,0.5292101,7.550993790626526,0.13836067438125532
MINDY1,AAA,41.3,8.518609,0.67732906,8.073401968479157,0.9916807067394258
MINDY1,AAA + Diab,15.0,8.583809,0.90536547,8.396489040851593,0.9586065733432765
MINDY1,Control,60.0,7.7457895,0.5809984,7.744188141822815,0.1381824731826784
UQCRFS1,AAA,50.0,7.593253,0.6420717,7.237048909664154,0.42899140000343294
UQCRFS1,AAA + Diab,20.0,7.536155,0.4354124,7.45011272907257,0.38489610314369216
UQCRFS1,Control,66.67,6.919626,0.5153041,7.0827348279953,0.1026880884170529
DSC2,AAA,2.17,8.185691,0.48610973,8.180748462677002,0.48366451263427734
DSC2,AAA + Diab,5.0,7.976811,0.40238667,7.995594263076782,0.3869539499282837
DSC2,Control,20.0,7.99258,0.35908556,8.017819991111756,0.24835944175720215
BCL2L1,AAA,39.13,7.6819677,0.81859255,6.882975454330444,1.2336082899570462
BCL2L1,AAA + Diab,20.0,7.5543118,0.79682636,7.367043776512146,0.6546199834346771
BCL2L1,Control,73.33,7.3945026,0.40670204,7.262615780830384,0.05285454988479543
FGFR1OP2,AAA,39.13,8.459636,1.0497656,7.881251554489136,1.3684150826931
FGFR1OP2,AAA + Diab,15.0,8.960756,1.0061502,8.789480142593384,0.9052190780639648
FGFR1OP2,Control,53.33,8.208816,0.984992,7.966706743240357,0.3295998525619508
ASAH1,AAA,15.22,8.211962,0.72148514,8.180824756622314,0.7507093286514284
ASAH1,AAA + Diab,5.0,8.319835,0.2506647,8.312126159667969,0.2364349365234375
ASAH1,Control,40.0,8.415463,0.49226856,8.512704658508301,0.21081727027893216
HOOK3,AAA,54.35,7.9802284,0.41985798,7.791804568767548,0.2294462990760806
HOOK3,AAA + Diab,20.0,7.9141026,0.19157791,7.876767499446869,0.14446423292160038
HOOK3,Control,60.0,7.4719877,0.55710506,7.498733673095703,0.2107047080993656
PFDN6,AAA,36.96,8.970056,0.8760357,8.434658191204072,1.0011158680915848
PFDN6,AAA + Diab,5.0,9.103601,0.9196758,9.062386989593506,0.8883492946624756
PFDN6,Control,46.67,8.567873,0.7431164,8.466142659187318,0.29172007083892737
TICAM2,AAA,21.74,8.601592,1.2753525,8.116992835998534,1.2160401654243467
TICAM2,AAA + Diab,10.0,8.990456,1.0930223,8.987491855621338,1.0044591426849365
TICAM2,Control,46.67,8.372955,0.84275436,8.314645767211914,0.2910751152038564
CDH11,AAA,6.52,7.726403,0.56467533,7.714604139328003,0.527222752571106
CDH11,AAA + Diab,10.0,7.7799597,0.31957626,7.7799599170684814,0.2747313976287842
CDH11,Control,46.67,7.5797987,0.5041237,7.643985271453857,0.13650738000869733
BLVRA,AAA,36.96,8.140485,0.8730159,7.618466684818268,0.8344118928909303
BLVRA,AAA + Diab,5.0,7.977092,0.53579426,7.920462608337402,0.5036724805831909
BLVRA,Control,33.33,7.923301,0.6928015,8.009293322563172,0.5211283707618719
CYB5A,AAA,36.96,8.51013,0.76736975,7.999470949172974,0.637149443626404
CYB5A,AAA + Diab,10.0,8.541263,0.73719025,8.489244248867035,0.641594648361206
CYB5A,Control,60.0,8.651001,0.8877716,8.428995304107666,0.20409718275070077
UCHL3,AAA,41.3,8.48468,0.48926353,8.412100303173066,0.26531581997871356
UCHL3,AAA + Diab,5.0,8.436222,0.5318775,8.442223072052002,0.4605693817138672
UCHL3,Control,46.67,8.5376215,0.7358675,8.278656167984009,0.4185155749320977
TESC,AAA,45.65,7.890496,0.67396927,7.464416465759277,0.5814475357532505
TESC,AAA + Diab,25.0,8.153573,0.8402424,8.03460207939148,0.6385267257690428
TESC,Control,80.0,8.139441,0.24074554,7.973772420883178,0.029883761405944398
RAB22A,AAA,34.78,9.094175,1.4785328,8.48484182357788,1.181725484132766
RAB22A,AAA + Diab,10.0,9.3936,0.7054453,9.336107749938964,0.658942699432373
RAB22A,Control,53.33,8.7764635,0.75392437,8.531665573120117,0.3217755866050709
ARHGAP1,AAA,21.74,8.00912,1.2330012,7.790228743553161,1.028967351913452
ARHGAP1,AAA + Diab,10.0,8.257318,0.78074646,8.239990234375,0.6271147727966309
ARHGAP1,Control,46.67,8.105083,0.9556236,7.848597526550293,0.4766028833389271
CMIP,AAA,13.04,8.251768,1.4447174,8.026497874259949,1.0386090278625488
CMIP,AAA + Diab,10.0,8.558979,0.91133404,8.523821685314179,0.8511519432067871
CMIP,Control,53.33,7.612684,0.6647806,7.622326607704163,0.07961332321166914
COL15A1,AAA,6.52,7.970483,0.52671814,7.910581710338592,0.5203424692153931
COL15A1,AAA + Diab,10.0,7.6601734,0.5313649,7.638250021934509,0.49783599376678467
COL15A1,Control,33.33,8.054928,1.0146027,8.130717129707337,0.57259202003479
ADAMTS1,AAA,36.96,7.447442,1.1387196,7.459350867271423,0.6635347425937654
ADAMTS1,AAA + Diab,25.0,7.1157584,0.75653934,7.20249692440033,0.4156180357933046
ADAMTS1,Control,73.33,6.3781853,1.049139,6.595929751396179,0.15181376218795783
PPP1R7,AAA,41.3,7.307164,0.62661076,7.1402599811553955,0.3847477817535392
PPP1R7,AAA + Diab,15.0,7.2081866,0.4434681,7.189213752746582,0.3585428190231328
PPP1R7,Control,53.33,7.2935414,0.40482903,7.233771605491638,0.12971420764923103
ANXA7,AAA,45.65,8.290771,0.5289326,8.035410265922547,0.41446760296821594
ANXA7,AAA + Diab,10.0,8.353522,0.61741734,8.27375316619873,0.5527135705947881
ANXA7,Control,40.0,7.8361287,1.163795,7.8361287117004395,0.6707414984703055
RAB5B,AAA,32.61,7.619584,0.8661928,7.148134088516235,1.001727075576782
RAB5B,AAA + Diab,15.0,7.7435303,0.88435984,7.665363421440125,0.8510969579219818
RAB5B,Control,60.0,7.608442,0.4540391,7.54248571395874,0.09507181644439733
PPM1L,AAA,47.83,7.874492,0.6430235,7.601415746212005,0.5452413403987881
PPM1L,AAA + Diab,15.0,7.830905,0.44046783,7.751929411888122,0.39867543816566453
PPM1L,Control,60.0,8.00234,0.35804176,7.83840814113617,0.21850908756256082
PRUNE1,AAA,17.39,8.293901,1.2979102,7.692696809768677,1.3894314122200013
PRUNE1,AAA + Diab,5.0,8.414907,0.8942108,8.358377456665039,0.8206006288528442
PRUNE1,Control,46.67,7.898177,0.66502476,7.7877028369903565,0.1920411682128904
GSDMA,AAA,13.04,7.873058,0.78086615,7.921730444431304,0.7473798990249634
GSDMA,AAA + Diab,10.0,8.153132,0.58838654,8.20866584777832,0.5560666203498847
GSDMA,Control,40.0,8.430241,0.7757044,8.379085154533387,0.1975409412384046
COPG1,AAA,26.09,8.289066,1.3620639,7.519738674163818,1.6556664729118342
COPG1,AAA + Diab,5.0,8.271641,0.88296413,8.264289855957031,0.8294429373741146
COPG1,Control,40.0,7.3843913,0.6945801,7.679979734420776,0.4001033020019529
SVIP,AAA,52.17,8.432821,0.42821693,8.183003990650178,0.30690708875656014
SVIP,AAA + Diab,15.0,8.390779,0.47059536,8.388296914100646,0.3236968517303467
SVIP,Control,66.67,8.719009,0.51037407,8.946575994491576,0.18320665359497212
VPS4B,AAA,19.57,8.131033,1.4885421,7.718275308609009,1.443077238798141
VPS4B,AAA + Diab,5.0,8.56931,0.673007,8.518993854522705,0.6386125087738037
VPS4B,Control,46.67,7.9212203,1.1332893,8.05825400352478,0.4827366399765012
AHCY,AAA,43.48,8.114701,0.46169472,7.95560261964798,0.3085560023784639
AHCY,AAA + Diab,5.0,8.062772,0.5254688,8.037852346897125,0.46556365489959717
AHCY,Control,40.0,7.700103,0.3813839,7.629324193000794,0.259973685741425
AHCYL1,AAA,2.17,9.130767,2.4502363,9.070232391357422,2.45776104927063
AHCYL1,AAA + Diab,5.0,10.655188,1.1761217,10.473413944244385,1.0259730815887451
AHCYL1,Control,26.67,8.771183,2.188343,8.735025053024293,1.3798131942749023
STRN,AAA,41.3,7.997458,0.40424156,7.85041433095932,0.2207942616939551
STRN,AAA + Diab,10.0,8.019913,0.5524063,7.978246300220489,0.48722755908966064
STRN,Control,53.33,8.042359,0.38966942,7.986396913528442,0.08681289911270085
PSMD9,AAA,54.35,8.438604,0.65751934,8.076711986064911,0.5256722247600569
PSMD9,AAA + Diab,20.0,8.167135,0.5682001,8.15339390039444,0.44799999594688344
PSMD9,Control,53.33,8.327249,0.7271185,8.089772396087646,0.17053698778152615
CYC1,AAA,34.78,8.243108,1.4844561,7.7618196368217465,1.3646619284152983
CYC1,AAA + Diab,20.0,9.013443,1.5411615,8.739487707614899,1.3685554826259612
CYC1,Control,60.0,8.489082,1.2907076,8.082963762283326,0.34873785495758014
CNDP2,AAA,26.09,8.426316,0.6596823,8.264330387115479,0.8162095224857335
CNDP2,AAA + Diab,10.0,8.493377,0.46135044,8.467669875621795,0.44333410263061523
CNDP2,Control,46.67,8.556889,0.3534174,8.478135251998902,0.1870239067077648
ADAMTS8,AAA,30.43,7.2375712,0.3985362,7.211289644241333,0.45324888825416565
ADAMTS8,AAA + Diab,50.0,7.322233,0.19657421,7.24690915107727,0.11656119942665022
ADAMTS8,Control,6.67,7.4282794,0.71987534,7.430936603546143,0.667102575302124
ANXA11,AAA,15.22,7.9137774,1.1706958,7.585057649612427,1.0982492601871492
ANXA11,AAA + Diab,15.0,7.9719105,1.0405159,7.896816012859345,0.7940444946289062
ANXA11,Control,53.33,7.936195,1.2244596,7.814457821846008,0.19150886058807437
SPTAN1,AAA,43.48,8.08408,0.87211466,7.835167529582977,0.5204139506816858
SPTAN1,AAA + Diab,15.0,8.059464,0.6480136,8.021879715919495,0.6099729382991788
SPTAN1,Control,66.67,7.766196,0.23700142,7.778622574806214,0.06974420070648168
LAP3,AAA,47.83,8.249235,1.0814571,7.547291626930237,0.8556964671611791
LAP3,AAA + Diab,5.0,8.050867,0.85833263,8.03508996963501,0.8334139585494995
LAP3,Control,46.67,7.705126,1.2294545,7.199057183265686,0.7566029906272886
FKBP2,AAA,23.91,8.170068,0.8924098,7.86762817621231,0.7901981782913206
FKBP2,AAA + Diab,10.0,7.8678646,0.50745726,7.8094563484191895,0.5077717459201816
FKBP2,Control,46.67,7.9944563,0.32706976,8.024186792373657,0.08846765756606967
GGT1,AAA,36.96,8.137878,0.92783403,7.601522336006164,0.8602286839485167
GGT1,AAA + Diab,10.0,8.110762,0.73282385,8.110761165618896,0.6408501863479614
GGT1,Control,53.33,7.9780374,0.5136843,7.963939528465271,0.12141007423400829
TMED2,AAA,36.96,8.316507,0.7075949,7.651209075450897,1.0361970913410188
TMED2,AAA + Diab,10.0,8.539011,0.91397953,8.539011478424072,0.5427551937103274
TMED2,Control,46.67,7.864466,1.046699,7.480838809013367,0.543079807758331
STX4,AAA,23.91,8.184141,1.3636317,7.6374897956848145,1.377077759504318
STX4,AAA + Diab,10.0,8.454557,0.65633535,8.387714488506317,0.620590090751648
STX4,Control,46.67,7.6447124,1.0746393,7.275348029136658,0.5151615476608278
EIF3I,AAA,45.65,8.375099,0.93192434,7.528911104202271,1.1474140846729277
EIF3I,AAA + Diab,5.0,8.213701,0.51154184,8.207563877105713,0.5851688754558566
EIF3I,Control,40.0,7.6965017,0.73761034,7.467135572433472,0.4392666935920717
PRAP1,AAA,15.22,7.972462,0.44117546,7.977430582046509,0.437721848487854
PRAP1,AAA + Diab,5.0,8.228318,0.8634052,8.257513794898987,0.854582667350769
PRAP1,Control,40.0,8.031597,0.6465311,7.83406138420105,0.3089222216606142
EMILIN2,AAA,28.26,7.5508757,0.50326395,7.570875368118286,0.3608173787593838
EMILIN2,AAA + Diab,15.0,7.5095277,0.7359414,7.515556967258453,0.5482801198959351
EMILIN2,Control,53.33,7.749212,0.5273714,7.71306390285492,0.207147572040558
UBE2L3,AAA,54.35,7.988191,0.83635664,7.277910227775574,0.7830023193359379
UBE2L3,AAA + Diab,20.0,7.5483627,0.8633714,7.416636123657227,0.8213273286819458
UBE2L3,Control,60.0,7.487591,1.2019248,7.154038243293762,0.17585879802703808
ACP1,AAA,41.3,8.08409,0.74243736,7.923014879226685,0.3740599417686461
ACP1,AAA + Diab,15.0,8.101028,0.32838297,8.080055449008942,0.3228012561798099
ACP1,Control,66.67,8.704828,0.4674797,8.491509866714477,0.06535565853118896
ITM2B,AAA,8.7,6.8617687,0.87467337,6.899865090847015,0.682599663734436
ITM2B,AAA + Diab,10.0,6.990075,0.8061471,6.949908668994904,0.804879491329193
ITM2B,Control,40.0,6.72474,0.5831742,6.751898984909058,0.3782030916213994
PRPS1,AAA,39.13,8.07843,0.54506254,7.862546210289001,0.3690473675727848
PRPS1,AAA + Diab,15.0,8.009001,0.46798944,8.00913953781128,0.45821268558502126
PRPS1,Control,60.0,8.243483,0.16723633,8.293300247192382,0.05458893775939977
DERA,AAA,10.87,8.425235,1.1492639,8.373321056365967,1.1215957403182983
DERA,AAA + Diab,5.0,8.74619,0.950449,8.689998149871826,0.9215729236602783
DERA,Control,40.0,8.089834,0.47241592,8.064991731643676,0.16247585773468032
LMNB1,AAA,17.39,7.8204412,0.42700005,7.786457300186157,0.4234354496002197
LMNB1,AAA + Diab,25.0,7.9224195,0.41895962,7.958836350440979,0.3196662664413452
LMNB1,Control,53.33,7.890016,0.5908041,7.890016078948975,0.07479031324386654
OLA1,AAA,21.74,7.8227854,1.3929939,7.358030421733856,1.268709700107575
OLA1,AAA + Diab,5.0,7.775513,1.1325903,7.729689359664917,1.0536514520645142
OLA1,Control,46.67,7.2728543,1.2044563,7.141549649238587,0.6214186453819277
AP4S1,AAA,34.78,7.2223473,0.9499979,6.854492664337158,1.5680076313018798
AP4S1,AAA + Diab,15.0,7.23549,1.1173749,7.196116049289703,1.0197707879543305
AP4S1,Control,66.67,7.2416887,0.22875786,7.222753005027771,0.10355663537979165
BCL2L13,AAA,30.43,7.8198094,1.2034836,7.41753732919693,1.524359755516052
BCL2L13,AAA + Diab,5.0,8.050518,1.1048555,8.047160625457764,1.0550183057785034
BCL2L13,Control,60.0,7.646517,1.3387232,6.931912045478821,0.6117528557777403
RTRAF,AAA,50.0,7.4440947,0.7686987,6.630044870376587,1.0898573303222658
RTRAF,AAA + Diab,15.0,7.402436,1.1718893,7.268423371315002,1.0485188388824458
RTRAF,Control,60.0,7.0043097,0.67023706,6.814510989189148,0.11496399164199911
UBE2V1,AAA,50.0,8.6193,0.6230116,8.313490326404573,0.49673262834548915
UBE2V1,AAA + Diab,15.0,8.463749,0.59396076,8.46156358718872,0.5564414751529689
UBE2V1,Control,66.67,8.981135,0.65378284,8.63624773979187,0.16477574825287
CDH2,AAA,10.87,8.401611,0.50253105,8.378680229187012,0.4182119369506836
CDH2,AAA + Diab,25.0,8.381948,0.35988045,8.424264883995056,0.2815699195861825
CDH2,Control,46.67,8.109318,0.40180874,7.954997110366821,0.23104839324951154
GOLGA7,AAA,41.3,8.228746,0.8098297,7.730189161300659,0.7836085724830628
GOLGA7,AAA + Diab,10.0,8.159294,0.5718999,8.132526874542236,0.5306347608566284
GOLGA7,Control,46.67,8.182737,0.4122324,7.849795832633972,0.4424882841110227
NUTF2,AAA,41.3,7.7021976,0.7290702,7.469053885936737,0.604731596708298
NUTF2,AAA + Diab,20.0,7.6173296,0.22344446,7.607707977294922,0.1800034904479988
NUTF2,Control,73.33,7.946924,0.54681873,7.758072881698609,0.055356574058532004
BTF3L4,AAA,52.17,8.077854,0.73884773,7.780472562313079,0.3477457499504091
BTF3L4,AAA + Diab,20.0,8.043244,0.5101137,7.969844431877137,0.33587162971496554
BTF3L4,Control,66.67,8.526821,0.37406063,8.371152362823487,0.10309316635131971
CASP3,AAA,34.78,8.666264,1.0048447,8.265907764434814,1.2635558629035941
CASP3,AAA + Diab,5.0,8.196726,1.1474695,8.150138854980469,1.111174464225769
CASP3,Control,26.67,7.972936,0.90258074,7.972936153411865,0.4282924365997305
GXYLT1,AAA,45.65,6.992964,0.92626333,6.880433118343353,0.44715295672416655
GXYLT1,AAA + Diab,25.0,7.1015077,1.1823144,6.922305972576142,1.1450740885734563
GXYLT1,Control,66.67,7.1104016,0.3572588,6.947552032470703,0.17320443391800033
ATP6AP1,AAA,32.61,7.687562,0.6537523,7.5336785316467285,0.5363591468334201
ATP6AP1,AAA + Diab,20.0,7.7115183,0.7521906,7.609577748775482,0.45831847190856934
ATP6AP1,Control,60.0,7.667992,0.4289508,7.550045847892761,0.15022138833999588
TRAPPC3,AAA,34.78,8.106077,1.2230377,7.283834457397461,1.4381288659572604
TRAPPC3,AAA + Diab,10.0,8.2595,0.8448949,8.208045959472656,0.8045464754104614
TRAPPC3,Control,53.33,7.3360763,1.1263752,7.447893171310425,0.16092939615249602
SLK,AAA,45.65,8.072295,0.48870182,7.9570113778114315,0.3253007328510291
SLK,AAA + Diab,15.0,8.00498,0.62275124,7.909973382949829,0.5806473278999329
SLK,Control,60.0,7.806371,0.29915094,7.756180343627929,0.12805059432983334
HNRNPC,AAA,23.91,7.2815933,0.99153614,7.065979163646698,0.5733766555786133
HNRNPC,AAA + Diab,5.0,7.2388515,0.9532051,7.200718879699707,0.8288924694061279
HNRNPC,Control,46.67,7.091259,1.3023658,7.1455159187316895,0.24062429189682
CAB39L,AAA,23.91,7.5502105,1.0401506,7.427065870761871,1.0004069113731386
CAB39L,AAA + Diab,5.0,7.6540933,0.5244088,7.618537187576294,0.5415668189525604
CAB39L,Control,60.0,7.191,1.4925308,6.977020421028137,0.28324911355972304
HDHD2,AAA,34.78,7.4514713,1.7529664,6.510899498462678,1.9050834679603579
HDHD2,AAA + Diab,15.0,7.0125256,0.8827257,6.94555139541626,0.6945197975635526
HDHD2,Control,60.0,6.760067,1.4128871,6.59657012462616,0.130708715915679
BPIFA1,AAA,8.7,7.6792145,0.73910856,7.673055381774903,0.5478658676147461
BPIFA1,AAA + Diab,5.0,7.292935,0.55071354,7.27886962890625,0.44081568717956543
BPIFA1,Control,46.67,7.647314,0.83579445,7.568276872634888,0.5125564408302301
NAP1L1,AAA,41.3,9.001127,1.3534641,8.089499068260192,1.271058093309403
NAP1L1,AAA + Diab,10.0,9.001933,1.6318159,8.73193256855011,1.4271636009216309
NAP1L1,Control,46.67,8.211969,0.5242815,8.102439455986023,0.2604311561584467
UBA5,AAA,45.65,8.636871,0.8922682,7.908649337291718,1.0065665364265444
UBA5,AAA + Diab,15.0,8.613571,0.3578062,8.586488304138182,0.4517800319194798
UBA5,Control,53.33,8.240683,0.6036005,8.090614666938782,0.20179714679717975
PRKAR2A,AAA,54.35,7.516163,1.0328679,6.788891863822937,0.8328047966957097
PRKAR2A,AAA + Diab,10.0,7.2096195,0.8564701,7.180474298000336,0.7501826286315918
PRKAR2A,Control,66.67,7.393189,0.78910303,6.997929925918579,0.13209324836730918
CD69,AAA,41.3,7.878918,0.9280138,7.1543994235992425,1.2225871789455418
CD69,AAA + Diab,10.0,7.978816,0.7928548,7.978815793991089,0.7987043976783745
CD69,Control,46.67,7.280098,0.83339024,7.365398406982422,0.32264179706573515
PDGFC,AAA,10.87,8.448396,0.68347454,8.41052770614624,0.6451208484172817
PDGFC,AAA + Diab,5.0,8.5418625,0.5691471,8.531520366668701,0.5512111186981201
PDGFC,Control,33.33,8.545979,0.22641945,8.584392070770264,0.17925284862518254
UQCRH,AAA,45.65,8.185487,1.1040201,7.842173461914062,0.49799186110496496
UQCRH,AAA + Diab,20.0,8.275133,1.9373479,8.181230068206787,1.6573713314533238
UQCRH,Control,66.67,7.850961,0.6163006,7.659653077125549,0.2162694287300111
LSM1,AAA,30.43,7.956846,1.2833462,7.518221139907837,1.5982378721237183
LSM1,AAA + Diab,10.0,8.269444,1.3108525,8.203719131946563,1.3031077909469602
LSM1,Control,53.33,7.788376,1.4634771,7.421109776496888,0.3279098010063173
CD40LG,AAA,43.48,8.493261,0.7802601,7.897679421901703,0.9894205868244175
CD40LG,AAA + Diab,25.0,8.388541,0.8334198,8.385802268981934,0.53157639503479
CD40LG,Control,66.67,8.399336,0.29806232,8.230951113700867,0.08947031497955393
ADRM1,AAA,43.48,7.2678776,0.69856215,6.638699541091919,0.928156527280807
ADRM1,AAA + Diab,10.0,7.1464486,0.96264553,7.103144278526306,0.8856110572814941
ADRM1,Control,33.33,6.8998566,0.6486163,6.841417002677917,0.5213406229019171
DCK,AAA,47.83,7.680954,0.80726385,7.4096727108955385,0.6626117336750035
DCK,AAA + Diab,15.0,7.9311843,0.81678486,7.875679323673248,0.6382455825805664
DCK,Control,53.33,7.0737715,0.38924026,7.042558670043945,0.06672205209732063
SNAP29,AAA,39.13,7.635514,1.1504607,7.093434970378876,0.9414845061302186
SNAP29,AAA + Diab,10.0,7.5614376,1.3442936,7.489876096248627,1.318466305732727
SNAP29,Control,66.67,7.6106453,1.2921419,7.115167269706726,0.2719550800323489
MTDH,AAA,47.83,8.355457,0.7730818,8.07499135017395,0.49891166806220966
MTDH,AAA + Diab,25.0,8.502509,0.5218191,8.419804573059082,0.616892133951187
MTDH,Control,66.67,8.08305,0.32277298,7.644854469299316,0.3687708663940432
CEACAM1,AAA,34.78,7.5382705,1.4565334,7.138391199111938,1.1450212001800537
CEACAM1,AAA + Diab,20.0,7.562726,2.2975922,7.562726020812988,1.779897689819336
CEACAM1,Control,66.67,7.907136,0.35202074,7.775752325057983,0.2707360744476315
FBLN7,AAA,34.78,7.725563,0.76556873,7.694171581268311,0.6544176340103149
FBLN7,AAA + Diab,5.0,7.971355,0.6183944,7.936768054962158,0.6107447147369385
FBLN7,Control,46.67,7.786518,0.39063692,7.735206470489502,0.11398558616638255
SYPL1,AAA,30.43,8.271374,0.6345835,7.9462974071502686,0.6047589373588567
SYPL1,AAA + Diab,5.0,8.472422,0.7251692,8.385704152584076,0.6835494041442871
SYPL1,Control,46.67,7.9121866,0.8732414,7.5245436000823975,0.5469397473335267
STIP1,AAA,50.0,7.4619746,1.0396562,6.83445729970932,0.7207729089260093
STIP1,AAA + Diab,20.0,7.046831,0.8233204,7.003163771629334,0.6434527635574341
STIP1,Control,60.0,7.218798,0.9059639,6.971345448493958,0.14458142042160116
B4GALT5,AAA,6.52,8.427164,0.78864956,8.413303852081299,0.7663445472717285
B4GALT5,AAA + Diab,5.0,8.638068,0.5616503,8.582624435424805,0.5259146690368652
B4GALT5,Control,33.33,8.428089,0.5465908,8.420818948745728,0.24973726272583008
STON2,AAA,17.39,8.829052,1.5171738,8.189455509185791,1.6079629325866698
STON2,AAA + Diab,10.0,8.973265,0.992692,8.913608839511872,0.9366511011123659
STON2,Control,46.67,8.365153,0.94061756,8.100187349319459,0.5677386903762818
NIBAN1,AAA,39.13,8.53861,0.6965208,8.02621987581253,0.6584103560447687
NIBAN1,AAA + Diab,5.0,8.637288,0.7231636,8.564869112968445,0.7147729396820068
NIBAN1,Control,40.0,8.118704,1.0391588,8.03648669242859,0.19329162597656246
ACTR1B,AAA,23.91,7.8840036,1.1520648,7.561332702636719,1.1839858067035678
ACTR1B,AAA + Diab,10.0,8.492159,0.8777518,8.430951001644136,0.8583664953708645
ACTR1B,Control,46.67,8.202916,0.5982628,7.6758554077148435,0.5706863093376153
RAB21,AAA,26.09,8.5492115,1.2540641,8.16178035736084,1.2192400276660917
RAB21,AAA + Diab,5.0,8.711375,0.5691328,8.709088802337646,0.5091536045074463
RAB21,Control,46.67,8.780802,0.6833639,8.760932922363281,0.39852637767791776
CAPRIN1,AAA,43.48,7.4120913,0.54334736,7.081292257308959,0.396086403131485
CAPRIN1,AAA + Diab,25.0,7.6688066,0.5184455,7.699068913459778,0.30291104316711426
CAPRIN1,Control,73.33,7.678873,1.1600227,7.389338660240173,0.0641095185279843
LMAN1,AAA,21.74,7.607071,1.3991342,7.19734525680542,1.2803679645061496
LMAN1,AAA + Diab,10.0,8.19752,0.9469633,8.059387691020966,0.9517438817024235
LMAN1,Control,46.67,7.2782435,1.0028687,6.8999656438827515,0.5819406104087825
