,Genes,Sample 60,Sample 65,Sample 18,Sample 59,Sample 42,Sample 30,Sample 31,Sample 77,Sample 32,Sample 7,Sample 55,Sample 76,Sample 28,Sample 72,Sample 88,Sample 11,Sample 64,Sample 91,Sample 25,Sample 78,Sample 83,Sample 80,Sample 70,Sample 90,Sample 8,Sample 45,Sample 85,Sample 84,Sample 17,Sample 44,Sample 22,Sample 68,Sample 57,Sample 66,Sample 38,Sample 82,Sample 39,Sample 37,Sample 61,Sample 16,Sample 23,Sample 24,Sample 87,Sample 4,Sample 73,Sample 15,Sample 49,Sample 75,Sample 79,Sample 34,Sample 1,Sample 36,Sample 29,Sample 5,Sample 86,Sample 52,Sample 12,Sample 95,Sample 20,Sample 51,Sample 48,missing,mean_intensity
1715,A1BG,,,,7.48141784859738,7.68954141355978,,7.11766521118047,,,7.70125666199544,,7.50445249779545,,,7.42236188314407,7.39858609099752,,7.23581780064357,8.31835890930407,,7.22050854710415,,,,,,,,,,,,,,,7.74297291898879,,,,,7.90908437939327,,,,,,,,7.44011076319215,7.38525887255317,,,6.6997836215771,7.26442084853808,7.50148297393892,7.88680793152066,,,7.34868648040868,7.7510084918749,7.63033309565707,0.6557377049180327,7.195711588494669
761,A1BG,8.32215352277056,8.99203448784256,9.12455073351044,9.01312172838917,9.46950981885947,8.99851723350612,9.52184125962874,9.10881761037353,8.79630778812483,8.99505457403476,9.25479532774572,9.42179142903741,8.66982695548021,9.34257050088219,9.61835927101172,9.31296155525592,7.10833984221663,8.71162202912909,9.47327564927167,8.03387408732656,8.50659810731302,8.02094627026337,8.40944494350599,7.8049027946972,8.18262972792464,8.10991907929536,8.21106593287062,,8.786038173533,7.20265436335429,8.64727202922871,5.91429947878946,8.76529589788873,9.80993596595104,8.80801214262086,9.02549606465458,8.16150058309474,6.99344684900756,8.64086459305262,8.14549055746606,9.50356224185559,6.36494648853165,7.56417116430687,6.84972302355799,8.56277538207454,8.52990961582816,8.56852217902625,9.27106404481101,9.02626075950728,8.7344228794858,8.91457833487333,9.03322436199962,9.18402852981683,8.90476807062719,9.64439562910916,10.2243452177393,9.10089111957103,8.84131584267453,8.93859173620218,9.30855013297815,9.61909532260847,0.01639344262295082,8.526896302929789
1910,DBNL,9.29133435958485,10.4156171411576,9.40854173840688,9.94218798213109,10.3207494615306,9.96649944687071,10.5794129291478,9.43626591875268,10.4471421413705,9.07270327339697,9.6534361968999,9.67536684950909,10.3049683920321,9.94497452190014,10.6391128820301,9.27954923450765,7.35756219253394,7.36608233979133,10.338634876795,,7.42555801321515,7.98706079106637,8.18074912600888,7.93765750730307,,7.56045967414877,7.33083689167456,,8.36700796768499,6.89477374132042,8.80953346746251,,9.4216016642479,,8.71372244373707,6.32011255707837,,,9.5581822025864,,,8.48215939699552,,,,,,,,,,,,,,,,9.60754622553395,8.88410832812659,,,0.4262295081967213,8.759651149576008
302,DBNL,10.809547918202,12.2707510567668,10.8645514173857,11.5978208000573,11.1716392185952,11.6891738257456,11.3424205736988,11.2815284026336,11.320087282323,9.95263955976217,10.9862300226211,11.2761734833628,11.4333854010627,11.1800362356236,11.9351120518566,10.0847579788106,7.62581350168485,8.5759181734424,11.3592285450926,6.58906138024634,9.39063927365242,8.9933978233049,9.28135725025749,8.99536521379312,7.85798849201254,9.04157062336077,8.7512860506177,,9.46847196510088,7.13493056640629,10.780844958471,6.6335476581495,10.5969714207312,8.61266026798562,10.5553171083232,11.2818908269241,8.26569244379915,6.33323924809435,10.6761800685678,9.14830359835591,9.38753552946186,8.45012744685803,8.38374600474874,6.6515661805628,7.98239513913305,9.14283151119448,8.6816270935809,8.02911501856421,8.74135659717333,9.84214117404877,8.32684864775576,9.90910797823475,11.2191299354085,8.67150096359453,9.91079878712372,9.04528439699713,6.56565605203897,11.1141603964581,11.7044996237034,11.3572709216237,11.4106585460312,0.01639344262295082,9.50310300120985
962,FBLN1,9.5300269694924,9.4367236146524,8.668732305621,9.00259407936495,9.01249594403132,9.54916108978317,9.02161715579165,9.25817372861383,9.16387586978651,9.67603060521697,9.4582986832275,9.45954414370796,9.29128310006883,9.64885443816038,9.7694654609938,9.81789222507149,7.93430973388347,9.88387621081876,10.2081531892049,10.5604417174543,9.51554780529496,9.92340362335118,9.69151733016076,9.23051901721791,9.81908110792054,9.76227441898559,9.65373010494523,7.84005618528535,9.56222789148374,7.6821525363981,9.03372929654585,8.20993737784731,9.11327879849613,8.66083851083567,10.2035185463423,8.81895830617428,9.93796530544993,7.26025667809019,8.92240121271369,10.1347356031768,9.49294711498717,7.94174778515749,8.14228702417466,6.96435698121971,10.2902496246409,10.0453579109218,10.0724698909461,9.62157486414334,9.74016295762811,9.69305932189707,9.76547047136951,9.2211001309392,8.93649017665276,9.37121641797403,10.2156754046133,8.76982278641801,9.95328174643644,9.56805521254789,9.76421579906717,8.73782847424613,8.69435771363522,0.0,9.13434528598834
474,FBLN1,11.4140957169358,11.793422108789,10.8144070316347,11.2910610251921,11.0249179488875,11.8984393825828,10.9816502782247,11.3611803739434,11.1460557866339,11.9543627723389,11.7439880078564,11.7013838627953,11.0645735445821,11.6266887588128,11.7707584574782,11.8204429796817,10.6206437516342,12.129497620993,12.422620227639,12.769521694829,11.7766495601521,12.0146199228291,11.9516957188764,11.4231136492183,12.0134381818145,11.9959991638505,11.601301509657,8.97965738090547,11.3304170190617,9.78437132569047,11.0481956813761,9.96851702653503,10.8812394456761,9.47286437447664,11.9963636393062,10.9285451512617,12.1237229218179,9.51438411728413,11.0875314365122,11.8916480629579,11.4843241677936,10.0976050466794,10.8714717113832,8.5076094295068,12.3346811299989,12.1500942792465,11.9109132245318,11.5648331834238,11.9526236513218,11.7968762928125,12.2292304566506,11.8507103760767,11.1908580499879,11.5449896161274,12.4019252487838,11.2758582821752,12.1202629431974,11.5741167601503,12.0363640193246,11.2031161424301,10.6649043541079,0.0,11.191892822361842
1590,FN1,7.12686903738205,7.72740416076855,7.84705672333709,7.97941969689829,6.92407540135294,7.5827871049357,7.66114171445042,7.94467179779884,7.49306196883725,8.31406734100846,8.58770454587608,8.21740074623488,7.50586078387932,7.42503592341086,7.63379528005059,8.57036242862476,7.62819004688594,,,7.79696184315984,8.58879933273109,8.34134902292805,8.42634587838767,7.76232179803545,9.05772712793407,,8.11033051304551,,6.82032915612798,7.76780793579081,6.63914753433288,,,,8.17652025513227,,,,,,7.50427350199743,,,,,,8.2381137688484,,8.3114183500618,,8.29984203983304,7.88675751244006,8.05075963571853,8.16963697987239,7.97036069635475,7.90166793970551,7.5157946758932,7.12413893914589,7.71918948332309,7.12894241984267,7.65181089379396,0.3114754098360656,7.661412263860566
220,FN1,12.2195251505086,12.3990307473337,11.5240846808887,12.4711687788909,11.6550260696168,11.9769846459767,12.7757369593076,11.7860263035328,12.415390410904,12.6413823655267,12.927486725188,12.1450661780496,11.2094535334764,12.0326271999105,12.2624452289523,13.5486659429042,10.4473655019629,12.4318806996707,12.7563987499132,12.9303604241715,12.8918664868228,12.7889343231759,12.9945844807642,12.3691885008728,13.8794377181012,11.0540246001053,12.841690576202,9.53836315096644,12.7419813707667,10.7241392440044,11.4687794982603,10.531448381079,12.1393844250314,9.93173133004025,12.7735578192268,10.9679319884992,12.2821772011102,9.86052363673988,12.4447025083281,12.7745501697581,12.9085954288572,9.13621048848027,11.6871524542305,9.83760966219706,12.4897773790328,12.5059096698921,12.7214625316464,12.5242170587248,12.661349946855,11.3161448233094,12.8517034187751,12.4568780921966,11.7257424430445,12.4317145701674,12.4059701344133,12.1611488377195,12.8922458850125,12.3958461255853,12.2546741845691,11.9211265041194,12.1109810698426,0.0,11.854057490567929
1593,HLA-A,,,,,,,,,,,,9.26714845309183,,9.54602656259731,,,,,,,,,,,,,,,,,,,,,8.3181275933794,,,,,,8.36235115557968,,,,,,,,,,,,,,,,,,,,,0.9344262295081968,7.285615998831284
650,HLA-A,10.6722090469299,10.7322083237775,10.9056254172814,10.838214306492,11.0060882139597,10.4503144429414,11.3273844311962,10.6950922267134,10.2910757584824,10.8391568788883,10.9597742963539,10.9648014871014,10.3934465958364,10.71903109136,11.3162174207668,10.8094526534088,,7.72575370872108,9.85325750828012,7.12557910449424,9.22309742903281,8.62324671547668,8.79696031731112,9.1611779440097,9.13921289123186,9.29427676621199,9.08161200809143,,9.77093816159865,7.25705965644619,11.5435329201914,6.85894115510325,11.4672523603591,8.0879104639518,10.7855107511483,9.89632971955042,8.44182162211242,6.76940717819316,9.75095098788277,9.28542392466677,9.98220897264343,7.68787795049035,8.83442193455503,7.54251530438416,8.67436963077863,9.52604588129671,8.68778244604132,7.90993793907202,8.96876896929753,8.66010367478865,7.33644291041412,9.27551952118351,11.4100061469859,9.27890151081892,9.28265311427775,9.9979645187316,7.12911846458865,10.2213374330199,10.3721660580863,11.1881698669052,10.9492935312698,0.03278688524590164,9.396795642507168
1164,ITIH1,,,,,,,,,,,,,,,,,,,,,,,,,,,,9.70740809522274,,,,9.35005740369264,,9.84232106051981,,,,10.0652184940804,,,,9.70524673630016,,9.5264398324893,,,,,,,,,,,,,,,,,,0.9016393442622951,8.44261870950962
168,ITIH1,11.774437867335,11.9570482159007,11.540572439338,11.9330423230821,11.7163277968274,12.0399085321259,11.6398480928845,11.8137487523471,11.5228843171187,12.0292379155263,11.9291730968861,12.1124198612519,11.7489739534069,11.7423918376457,11.5255616345373,12.0502585510462,11.8504253087956,12.5422166263795,12.2080062247554,12.8446990051907,12.4374724439333,12.1545637366448,12.6096467978038,11.1162386085146,12.720841076788,12.3232797417441,12.0785249378919,9.92519023654904,12.2405594344804,11.3979263935022,11.2638047387774,10.7016787407838,11.2945673328259,9.9762807447785,12.2274493568608,11.5654329397793,11.3147211237583,9.64199962374943,11.9648449147631,12.1858382977365,12.242045392156,11.2105953409343,11.113071136763,9.644013657202,11.7654378288361,12.523768545401,12.7732615520106,12.2620482265305,12.5223114676776,12.4629722710254,12.3029269279653,12.3376600857977,11.7890754081097,12.4293454752599,12.4469034601851,12.0483196059874,12.6060899440385,12.1280398679598,12.053193292879,11.882616923499,11.1164700430824,0.0,11.634229193989459
370,KNG1,9.62444426950513,9.69576521941378,9.78194972810514,10.2296054761987,10.2175127171956,9.58600480485097,10.1045093649552,9.53835965874411,10.407804219537,9.62816230751287,9.96737658061236,10.0912700414003,9.51509862617207,10.1433587815347,9.98858936065903,10.289848199471,8.26918920603362,9.91789323866016,10.5816635686302,10.2108330375285,9.69402051625983,9.83840968163952,9.886630493896,9.39998684476082,10.0516492527869,9.7600176108515,9.75638677152058,5.20821759307554,9.95445499658883,7.85507477691738,9.56625613092844,8.158552801470769,10.0401717020546,7.64354835385008,10.2900309858625,9.54897261612208,9.51626979245628,9.58094883584939,9.89468980107413,9.92458788323884,10.029036836288,7.7947402905127,9.33960132082039,7.83018160362773,9.00332400532369,9.91129395826847,9.93341641051785,9.52570428003094,9.77217579557709,9.86936875739249,9.57814022033442,9.62620682582561,9.34027501532565,9.42943311431944,9.79699238383751,8.30121577908576,10.1334558663865,10.3268930010875,9.7731525378368,9.32305199603873,10.4524097299599,0.0,9.394325573811638
204,KNG1,12.109086242203,12.0094066298079,11.2991085912898,12.4620541057712,11.9527820658009,11.8854788957266,11.5895374016448,11.2982867105793,11.7796103435777,12.308593056759,11.7998150182084,11.5583782448141,11.5519417551294,11.869135344501,11.7098635990613,12.0374138817813,11.0904055674535,12.5258377335253,12.2378414240789,12.8114794452636,12.4852453173491,12.2690244740462,12.3899869300859,11.8617302549557,12.6403323401339,11.0445498696643,12.2370283414146,8.71677385517881,12.3859607645547,10.2855941516541,11.4938039957614,10.2650762915604,11.3744120914425,9.6909630049074,12.3806547677591,11.5667541193581,11.4716444062117,9.3560196481862,12.0610198966903,12.3240231138626,12.3872544256968,10.6033837702137,11.2586031359566,9.08809132705237,12.0850842328731,12.0745747154493,12.6085517556295,12.113365720778,11.8096952388698,12.9563439420318,12.2414797094134,11.7150031282158,11.5070233121062,11.9251115568676,12.0368379051303,11.3063136588658,12.7489091835504,12.2575424767188,11.9603224519233,11.6375028690939,11.7672721401174,0.0,11.520563231424319
1592,MASP1,9.26274776566641,10.3622975023385,9.54640592618244,9.72964771349595,9.35106498354596,9.34454934270251,9.43506008417802,10.0213872781339,9.45818861840083,10.4166905751694,10.2321479284979,10.0469708790886,10.0264761466204,9.14997515510072,9.19809144967139,9.7342968897485,,10.8223091951172,9.46251326480536,9.69072248274492,10.1280817747859,9.85604950591074,9.93887887078497,8.49665443872491,10.0523948692956,9.67285270787872,9.79708944104086,,10.2089540584345,8.80622010138746,9.21614274801811,,9.25776291485899,,10.067665698846,9.42563276601556,9.72042662084485,,8.89918671271126,9.07542379164554,10.1991216386322,8.93696989423742,8.30911636717103,,10.2134567361027,10.4520846510552,10.1564957580887,10.4227285409963,9.78722690435653,10.3388058208468,10.038435160913,9.86045539453378,9.48245947555873,10.0345097396126,10.4389560586114,9.61294404776627,10.1071733205461,10.0777130549644,9.98273925267641,9.62022593485454,10.100025268472,0.09836065573770492,9.57466006925226
812,MASP1,10.2942119587891,11.045780668284,10.120166863462,10.6755047050232,10.6476640642175,10.3421783788682,10.3727392623163,10.1791022952544,10.8051089883765,11.4096180671812,10.5614124538276,10.7612397341009,10.4075646241819,10.2454451103044,10.3863028562543,11.0606185627293,9.71307620210544,11.4926178339153,10.984254132055,11.021869673373,11.1304003758106,11.5144756238551,11.2968261233013,10.3423196476474,10.8318289695526,11.1441092115565,10.9753565396646,7.93125203902774,10.8290225633317,9.53114454955762,9.64725062223178,9.05208933550479,10.020052442504,8.08233417633583,11.2115099917765,10.3871307888918,10.8130939894907,8.4285760558297,10.2645648300536,11.2698734895551,10.7839100244779,8.98309660190635,10.6175040983165,7.99226375486597,11.1629153662132,11.0118392459844,10.8763412786944,10.8629668192742,10.0783378056661,11.1149278224312,11.162486993097,10.8860886464736,9.76493520337984,11.1010223576225,11.0037983567112,9.52976943884438,11.0674489430836,10.5458093977969,10.2655651138502,10.0581436901039,10.2232188556702,0.0,10.263259316363905
161,MASP1,10.5584511150832,11.1255645825251,10.0450093566068,10.9636663407708,10.5128872152332,10.5603279563591,10.2212481989038,10.4022686147862,10.4416586501984,11.2104634907163,10.9108126149306,10.6116805633858,10.4940515661812,10.3706556507497,10.4914727649794,10.8638987714658,9.84025645508384,11.3722054288182,10.7912148094095,11.1781032473213,11.195656392479,11.1853198335878,11.0854041890222,10.6069054353727,11.1015412955439,11.1420433575678,10.8986170209058,8.55630088580787,10.9157828717339,9.32038948343521,10.2459091906096,9.07337032644152,10.0703683488747,8.49091300786818,11.18562039819,10.0567345948258,10.8308532334581,8.9187016764207,10.2473664123999,11.0950336027234,11.280163935132,9.20367814570985,10.1078211704881,8.05016636792002,11.0441085729078,11.49596041665,11.0641408831011,11.1151036232142,10.9590198643372,11.3714420709196,11.3396750065725,11.2128580406421,10.0567567944333,10.8551100557075,11.3693624852156,10.5709369922581,10.9383910426905,10.8961052978298,10.4721812024114,10.2575246877895,10.600866785581,0.0,10.37822745794012
1757,MASP2,7.76377318458901,7.36987261955383,,7.74787924521427,,,,,,8.87363350236386,,,8.05356510961038,8.24721954332146,7.65308642869575,,,8.54484114836483,,8.4870522670813,8.02260756870108,8.51891744905782,8.03709243390021,8.49262623258168,8.25034249476702,8.55374644315296,8.75228546674805,,,,7.63677358918409,,8.05984406837898,,8.64539992177221,7.89866936122308,8.07881363124395,,7.61992704411098,8.86348837288671,8.4453072766887,,,,,8.47798748989856,8.1375126733559,,,7.30417674690639,,,7.39895253044772,,6.96753046773157,6.68863141117618,,7.93846613853155,7.30430372488911,7.96398419354468,7.92056600636376,0.4426229508196721,7.804614249624494
424,MASP2,10.0815503154953,11.2993438026886,9.85981071027569,10.5654955452926,10.3397833664654,10.28656138941,10.1551097937689,9.40293580613633,10.3338619970608,11.0732943352342,10.0227508381418,9.98918486852144,10.1961553755841,10.1064635868519,9.43059590372781,10.4235228414278,9.09249469841681,10.6884991040657,10.4903670774141,10.5284496300227,10.9353785334332,11.0740168361037,10.5910601768671,10.1746436834435,10.6012567381314,10.4919053943469,10.3182499466679,8.48700259264706,10.7835553898032,8.66250831320006,10.0343217343853,8.64967364453874,8.97326131246325,8.51486203789227,10.5586510802425,10.3465777394561,9.96160396214335,8.40399683557169,10.4559350680972,10.5562372088999,10.6234226306872,9.0264017409251,9.64570234919816,8.564290771729,9.68664432934048,10.53480807878,10.2895779873315,10.7473943248411,10.1421373304752,10.605628473089,10.3221767907805,9.68561049280529,9.70424373484007,10.3536907641805,10.1890817880898,9.65637677793159,10.0669434911893,10.1620677590339,10.0752874525554,9.19989235663608,10.1404626498081,0.0,9.876818891751345
1717,NAP1L1,8.34587201691168,10.1989656141121,10.816337581497,9.22908694119609,9.52180773869484,9.00112767909472,9.26231902301005,8.84556604196107,9.44700502365452,7.79287854898353,8.54861607683396,10.4819130839885,7.71945061260864,9.08592825062048,9.88089018865057,7.46103199159282,,,,,,,,,,7.50646374453398,6.91754589961831,,,,9.11497054372935,,10.4629553785277,,9.05777902584911,9.7571644753475,,,7.13856582138856,,,,,,,8.36815565967167,7.97830091879843,7.31002524057296,,8.04726530540758,,7.96111663223116,10.2154011622069,,,9.60054248282618,,9.34774258302669,9.91152203685641,8.12216719256224,9.69525811832167,0.4426229508196721,8.645553188163044
1372,NAP1L1,10.0619482809948,12.4482395359315,10.8361255392787,11.7736008747162,11.1541564195589,11.9925222501867,11.8566600748766,11.7882313815207,10.3495242982846,10.4354718176637,11.0986033295591,11.5913248626204,9.62327719148604,10.4225625106991,11.6267442656806,9.36585517156633,6.82665121151211,7.54574996073198,9.13124032979372,5.58251454845116,9.72104718107139,8.07183394745996,8.5028089679873,7.77117612970315,7.72626406405226,8.70545281012591,7.96908855925305,,8.65895964183486,6.61982320979446,10.2413254250176,,10.1204313944376,7.62055634644508,10.3085648001315,10.7873733962326,7.56334301608069,,9.05540750946512,8.33520865948973,8.75743513744198,7.95885016786967,6.9904779008525,,7.92335009659362,9.01942339727455,8.58729183961428,7.77287412678981,8.80140651227055,10.1643515584201,7.35553107697384,10.3720636971114,11.7111392200632,9.15169689844953,9.74245816705233,10.6368979007702,5.54851900672328,11.0160179606504,11.6558787572363,11.5534417097342,11.4474801674208,0.06557377049180328,9.302100482474131
164,NCAM1,10.2186061202676,9.95174173915163,9.48054045991001,9.98568491207941,9.48502112661682,9.75665413689874,9.11059348533679,9.98645530751092,9.61664706776969,10.6720207408721,10.206133264874,10.1728759400974,10.5276615173106,10.2531465383309,9.69990374458701,10.3628580444257,9.4642811418285,10.6589571483811,9.76236721912786,10.8209417751364,9.9263554784634,10.2585000908096,10.381494584255,9.61758733514522,10.2760919938858,10.4003464665625,9.77761396488908,8.43506536670481,10.2512478802248,8.95989427998449,9.59872265127321,9.05804110208844,9.66852115949861,7.97288065942615,10.2574420678541,9.3211427186364,10.1384639071346,8.20583041711006,10.2522518004686,10.2066133375345,10.0481832864075,9.432133631073,9.49217385813374,7.47930136928435,10.2011927008904,10.8973237013157,10.9887107596715,10.2048863332586,10.2982253850289,10.6598218361813,10.5393529686632,10.3835066910442,9.46559817984034,10.1198579812459,10.8843594524713,9.29461236155466,10.4968236833602,10.0841650618636,9.86061221678668,9.66408232301585,9.4019234411502,0.0,9.726678159914572
1824,NCAM1,10.243649398345,10.011513414635,9.50142096243245,9.92036111091659,9.92500914623066,10.1733335779228,8.94968845104247,10.1073939659805,9.7970380111224,10.5305112975449,10.085029855094,10.1944771855188,10.4885322231522,10.2043250460459,9.81916407284903,10.3813759777232,8.12532858573617,10.8385584196798,10.0494384920411,11.2362527894667,10.0905203317632,10.6179566376074,10.7411896190277,9.21492593682436,10.6291565542224,10.8864326002764,9.81522462410766,7.84275703480593,10.597783180063,,9.79987536451837,7.74878030635757,10.1433245991544,8.49353438441452,10.5192078454676,9.72837252892381,10.1939887535852,,10.4680604934655,10.606081596704,10.4776586698995,7.58014491368384,8.50333509073897,,10.528534639687,10.9719669501322,10.9632812738543,10.1971264210859,10.3653360645025,10.6780516873328,10.2876307643467,10.2328157724845,9.38743775966386,9.99656192248193,10.4855548659978,8.27909514599593,10.6606994098829,10.3779679879346,10.0952348538744,9.65616864868213,9.61592789015573,0.04918032786885246,9.798462465000936
1050,PKM,9.09147852473518,8.41005557438154,9.50092631920459,7.88029510301942,9.02507174871783,,8.11062463168689,8.53461269988688,8.34217978501069,,7.55217814372937,8.99340339728022,7.2902887722589,8.25051417239618,8.5616877639574,,,,,,,,,,,,,,7.26649305820843,,9.65593964152538,,8.51303230513067,,8.34240088144807,8.16430242712375,,,,,8.01848279781939,,,,,,,,,,,,,,,7.54405384957743,,,,7.92892741065136,8.0088591872226,0.639344262295082,7.983702280750751
393,PKM,12.1189483651771,11.2221219440808,12.9293418139589,10.8847525919653,11.5174934224983,10.2166370546169,10.8928845165324,11.508597036383,11.3713186065918,9.03671184097003,10.0003184042429,11.3756254090028,10.0207963673293,10.8299674840012,11.1399895681257,9.42838733796054,7.31102658071932,8.46256108644901,10.4684560671282,7.43058501409432,9.55910050028617,9.68517135150106,9.51273169430842,8.45764266618272,8.83697943732644,8.93258350750769,8.91923426651487,,9.82050692527502,7.48543177505005,13.1566980320081,7.06538134127877,12.363576064612,7.89881251147184,11.1901434619633,11.0425927458045,8.95815055993409,7.59794635581172,10.5045365452418,9.76080700609903,10.3090329988237,7.1897775779867,7.99181626508688,7.34693034152493,7.79958786175483,8.76857636311763,8.43859058350555,8.56046449210174,8.88592539179011,9.01273493523447,8.48150655598318,9.39436927342987,10.4470650499573,8.46299229067939,9.27490943392753,10.3662780976975,6.79886746690594,10.335812807207,9.97324542284897,10.6176162781067,10.0429670005421,0.01639344262295082,9.466065691653123
1481,PRAP1,8.22831803627408,8.19589900568445,7.89195401746162,,8.31395318810089,7.90436401644518,8.89199844007784,8.54304092205394,8.57099374822227,8.8001205125281,,8.29872098136775,8.51513038318974,8.25620598502756,7.9417409413721,7.64083068935616,,7.31404911289676,8.57673551469279,7.50443950264623,7.98239887179086,8.11510934602034,8.95011380271529,7.57968707798043,8.10849649345298,,,,8.21284702060491,,7.49723942494482,,7.5227079732863,,7.75562284199335,,7.78339682373704,,8.86018336254351,8.21405166130281,8.13498184133572,,7.66063856708722,,,7.98271240816002,7.66932216675447,7.47199533693184,7.80450978044641,7.89482526496185,8.09680776609314,7.72523331834224,8.4063449160201,8.29715042415397,7.82922390631371,,,7.31956606198939,7.46954297232994,7.69568460215848,8.17068619625644,0.26229508196721313,7.86656239802331
1420,PRAP1,8.13600031239828,9.25567451646517,8.13337517623256,8.41670241503497,8.9267965973722,8.38745912828488,9.8728008700231,9.49733665777219,8.77816719894253,8.85197230129624,8.95302166977325,8.98098960025991,8.58026399334227,8.95921100353047,8.81982187945566,8.4028013494555,6.72215280310133,8.08451189129769,9.88942241044181,8.13576823162405,8.8290427215656,8.07545478952039,9.41751225471519,8.23435627825991,8.84090689859014,7.89353782147688,8.63990624774573,,8.6036101403587,6.16747548976577,8.76833514308402,,8.10480898311685,7.76642487719709,8.61890880448274,8.21317289777292,8.37722356820838,,10.3069653108103,8.75300621185737,9.5455682858256,,7.24959012309311,,8.54572104358458,8.18614460952229,8.29231877914764,8.60761204056136,7.76920131153955,8.92380197333686,8.83462306290908,8.53392770000669,8.78829301271794,8.97709983287505,8.57703803604415,8.0089932983248,7.52859399698731,8.62545823434335,8.66687555739701,7.76670006311447,9.4994306477156,0.08196721311475409,8.393050127487601
109,SDCBP,7.4045485506581,8.16758515528109,7.89660263513445,7.89928096294362,7.67770665866744,8.15886476175109,8.19606431946627,7.6524935246402,7.60875056920352,7.59898376584454,7.59356232266942,8.34479478834647,8.01200191548988,8.500390702121,8.203426936863,7.74979610528383,,7.91577004967384,8.42612258196702,7.22617978296837,7.5323838461724,7.77226128207731,8.75172270901606,7.71824782259809,7.90936807941842,7.62207991410823,7.66586438576473,,8.00028502917482,,7.98084306322739,,8.60268594390754,,7.9013204769716,8.32985194730109,7.60371361680067,9.20206185729034,8.67406334982905,8.0189605262926,7.65135216974327,,,,7.17294520565558,7.87799970270946,7.64672360046309,7.84805912793762,8.23666512911865,8.26461993231467,7.97162224320073,8.09377539540758,8.07121269965573,7.55369940244813,8.06128245715455,7.98596178436821,7.31653340064691,7.80435785696268,7.70758193505171,7.7865298239337,7.84257898224304,0.13114754098360656,7.787838672757822
621,SDCBP,7.7335033121188,8.86690792301682,8.33837259282717,8.1832294411684,7.84823045061603,8.03759710755372,8.43299363354036,7.86338537024991,7.53131081222998,7.30723539308442,8.3564261440964,8.54079527778551,8.38653136885076,8.65691940321117,8.5835522273094,8.32026561832898,7.60743527800667,7.78801019356628,8.33669504182967,6.57623224642366,6.93121030820228,7.83238708128438,9.52313820248228,7.76432758302224,7.88464359569028,6.90018639345887,7.76125850111492,,8.16219099602756,,7.926768049426,,8.57104680393775,,8.08796839199151,8.43294921993635,6.93617965981682,7.69295691859183,8.72788748992398,8.61712478296695,7.12411891953143,6.61642109052412,7.21799262016523,,,7.72424168329234,7.44253410723023,7.86305427819637,8.1168876865213,8.99475598846736,7.58538929066062,7.90580946313088,8.44428925913369,7.37475904758582,8.56629148748798,8.39255818588906,6.96107371231769,7.55836666169284,7.95411969677916,7.07270002543568,8.18611964290673,0.09836065573770492,7.790137434220968
467,SPP1,8.46906294503001,8.76257771364608,8.87222959012023,8.64466054615456,8.47123749311869,9.59746347362058,8.26205012013466,10.2963075698956,9.15398895601223,8.59962506285034,8.60183241794848,8.71942548354504,8.69183632461577,10.2357986596938,8.82907722998335,9.54414934206532,8.15252094630185,9.57987915313098,9.52847765689181,9.45441138252917,9.38805092587365,8.98430719899869,9.96958137135086,8.59704203892968,9.54238460605168,8.98565585331737,10.0791859337106,8.27290182760381,9.06992519284121,7.64319948585276,9.2210645652207,7.22840193963686,8.37510308354578,7.88790511134061,8.86757351098075,9.85230910978093,9.12735766295938,8.23574097406408,11.212092436635,9.10518524699389,8.46277640754613,8.34595223106365,8.20817021381716,7.58795312020403,10.0462066575827,10.6929487155909,9.05673001444828,9.45835578555148,8.57600110199034,9.18312442839043,8.80270867027429,9.49762529412686,9.05859198645444,9.26591181278272,9.61394281079173,8.74452033214259,8.86143851167347,8.52132756764048,8.525451926145,8.78317599478761,8.23869884330181,0.0,8.832954718859403
1754,SPP1,8.42103096795463,8.53685220253201,8.30371780413937,8.47036619680952,7.86744321300612,9.62670659656475,8.27262316736145,10.4904200892468,8.1734617885116,8.59877306685601,8.3087862899283,8.92860532390085,8.14642428886259,10.3194875128698,7.54907145770895,9.2254647032596,8.61928228761311,9.8618385734389,9.90709258341026,9.89350654702896,9.38664411512263,8.71736242585085,9.75153705980941,8.0784535611657,9.28913987546802,9.36014894896851,9.41840037628159,,8.5280059204708,7.76617935503179,9.65761611270641,,8.56202878905571,,8.77618775999033,9.68117383805,9.47504208019934,,11.32140959683,9.12004266510147,8.64637269467988,8.29396193383563,8.94586614996347,,10.4329758153189,10.7416769107973,8.89988339284496,10.3644879321443,8.22230302831596,8.65660468305784,7.9925061328735,9.3151339483797,8.72416272934542,9.64417287639589,9.23544868095097,9.43096396110056,8.65674752878641,8.71400661169705,7.98765716356866,9.04601740732736,8.43430292679091,0.08196721311475409,8.85750082214729
738,TPM1,10.8904130619457,11.0162781828186,10.5363647777856,10.2390576593741,10.4650272490818,11.0868211625368,10.5746587209476,10.4862016895642,10.8963706547997,8.94443073173319,11.134476649238,10.605892363383,11.4276088291399,10.3458980001571,10.603617942648,10.0231051421746,7.26221090735118,6.912585383934,8.74063695766544,5.91770249498895,9.05781378439053,8.2767667431882,8.94229924316697,9.30344725100059,7.85946378659311,8.14918925534522,9.34189090517031,,8.92925139979352,6.84679553701208,10.8600951675451,6.1203204709347,10.1834743982826,8.69686582928161,10.8214868085642,10.3910362646358,7.48755950958866,,9.57464797648376,8.44897558878468,8.77610341628758,7.49487316351441,5.3758087870194,,8.70232979506282,8.85555432459738,8.69573604137218,7.18609609971165,6.0529743067703,8.47392625006563,,9.39111759499359,10.9758126632513,9.47071694004759,8.16257858248669,8.76529847869749,5.21131898078311,10.4748300480375,10.6528008224783,10.5120151811723,10.470901446863,0.06557377049180328,8.98563974439195
278,TPM1,11.8324636908047,12.4058199893418,11.943594755362,11.5808384763907,12.0019990581462,11.8472392297987,11.8651491003167,11.4779635369274,11.8403852308794,10.5112729091301,11.424019939747,11.9101462757009,11.9396265210743,11.2618048857851,11.4918995162394,11.0104917426449,7.98853964580633,7.87175521893746,9.66261365049411,6.7793678874512,9.98766357979874,9.16599245455756,9.77113886154181,9.46938425664548,8.55818266553903,9.34184857979962,9.58508397893151,,10.220816276583,7.73554905355951,11.7761307815722,6.6460713536825,11.4711050383651,8.7240313200456,11.5069482786669,11.1897299980151,8.69190969065571,,9.79707152031298,9.41683318455278,10.1427396026886,7.54371078943809,8.71828804890803,7.72189278670088,9.22620015687151,9.67708717372697,9.55364938289815,8.70817693721956,9.54604051798069,9.98348304241427,7.54082655900778,10.6918852574629,11.7966184085869,10.0474370998854,9.90104720834118,9.96646817099817,5.19306748572422,11.6033056816013,12.0438783951411,12.0092210931613,11.73227233693,0.03278688524590164,9.91804275257894
34,TPM1,13.0637312913464,13.3905897723211,13.4409328159603,13.2466674199191,13.6309826180776,12.7957018099104,13.2852980773006,13.1230145503391,13.0750048009592,11.5671612907821,12.7987574632189,13.3340557784047,13.146760575267,13.1915647919867,13.6096355591226,12.7046170985943,9.12218492821908,8.84131870756855,10.6789180663855,8.01410764612482,10.6583742483627,10.4701327890995,10.9576007917291,10.4826299311917,9.30306422287558,10.6732570798125,10.7259282650615,,11.4755423287106,9.49637264497366,13.6293710903136,7.74175191264082,12.9763275401695,9.85423436419356,12.354359178414,12.5774317883194,9.5985989385593,8.73613479372052,11.2885238480748,11.0064441094065,11.217545645984,10.027100632583,10.5704399476386,9.44258620735567,9.56045164740855,10.8904072942652,9.66937065550415,9.11003252944072,10.4844489182092,10.7615864499269,8.42818468051326,11.7689047100009,12.7801495169149,9.54123863834838,11.0188911367914,9.20923298195257,7.5232288876793,12.4783964345808,13.2398667969855,13.2432454886412,12.4131290541554,0.01639344262295082,11.040359288933434
692,TPM4,11.0354276939393,10.9118858963214,10.6115330323022,10.3622498007437,10.8827666596824,11.0496502621245,10.6530346749419,9.73204902672356,11.0151692307799,9.02190882054966,10.993191447281,11.5736949353231,11.7863021588308,10.5207122979592,10.8375237274642,9.94565460218971,7.09033562059837,6.81335576912354,8.63411778074698,,8.46527424955609,8.94085605751182,9.21437022705921,8.883697575911,7.93406798268315,8.35583006125933,8.61717350594943,,8.61529875131786,6.88448886062168,10.2774659631131,,10.3190270642125,8.34347204656221,10.5198607600552,10.4057102731539,8.53952125168523,,8.74416140290479,8.26285141230631,9.25437744038527,7.24873853858058,7.86007569518569,,7.75151387623595,8.74231979347017,8.40078944811245,8.45752887336945,8.12099141417199,8.44748531551728,6.96532339634393,9.95188058947942,10.4670042694131,8.78197127771893,8.5803160298162,8.00286520750028,,10.1731714524261,10.7260485425242,10.6388853464108,10.5018595511391,0.09836065573770492,9.177949957089766
32,TPM4,12.260005723313,13.5373451846242,12.7939552760812,13.1517308392624,12.9166284736903,12.9490896553482,12.9530685694713,12.5962172167925,12.8810245488144,11.5179769947562,12.6075534128021,12.9333498120512,12.6217932156449,12.557743286046,13.1412661254265,11.643648969605,7.94272417974338,8.45500095855022,10.4334165102827,6.91138453023015,10.7475280872193,10.2081176224949,10.6193681966502,9.98413305722714,9.26290269483717,10.4584006151571,9.87863527227538,10.1861943455717,10.8734683183976,7.91432393620901,12.5595972043869,6.69106318915974,12.3435403497169,9.29546468793634,12.2926632342787,12.7016654056051,9.44462850854538,6.67749750931875,10.827020228293,10.328437640499,11.0104331479601,8.76941370927899,9.30640192601233,7.45919316025342,9.30058787258318,10.7946987056869,10.1293160293645,9.51633435697597,10.1761459322713,11.2373721950794,8.25691809959951,11.7037567866477,12.7551350941536,10.1593474681299,11.0572096284622,11.2418754661729,6.37701474613991,12.8680734608798,13.126353822482,12.9390189311848,12.9618620698455,0.0,10.665258648314182
71,YWHAB,9.52256794358054,10.6539927604388,9.35065923020574,10.1662270757097,9.67681157813692,10.2627939510862,10.9773735787068,9.94335193950838,9.71920082102947,9.2514629981219,10.1463282968679,11.2683668947605,9.68603950782169,10.2402624459673,,9.22639066410196,,7.61481205447013,11.4215586561804,,8.72112770485839,8.65200939318624,8.90360890207441,8.34034478538195,7.46792731189746,,,,8.67695353228286,,10.097565276596,,10.1751090449206,7.46948290277069,9.55633716175952,11.2218017806393,,,11.0735533641573,8.74961597049684,,,,,,7.78543323912173,,,7.81181450652707,9.01627334649056,8.13000146999715,8.00386350302059,10.4956130663431,,8.6950295048066,8.33630953895305,,10.4577335161792,10.3394769295056,10.3667161049961,10.2085352165126,0.3114754098360656,9.260277043721056
123,YWHAB,10.6951462739528,11.9948378288411,11.077682622498,11.0734942173399,10.7651046751044,11.3022090109832,11.2572942151272,11.5856908813534,11.1758619203913,9.78972217237082,11.0101172855158,12.1876578966273,10.8223862902984,11.3758152910343,11.874689241451,10.1285853883829,8.10036103329067,9.58840247607469,12.4944235523323,7.30858729068104,9.33603260077587,9.19641447373579,9.58454673243594,9.19886963865819,8.08194985053657,9.01252036364261,8.81566966100943,,9.72016230181012,6.66953542992767,10.9797070413117,5.72680777984263,11.6260435258136,8.96030827144069,10.5360596280332,12.384420102054,8.47775163322758,7.58778381865694,11.956879741019,9.51934277186735,8.98203587298948,8.39695426560663,8.18695582783869,6.80347230325895,8.7072249328495,9.0980254775246,8.67029356792278,8.52016560263222,9.04912486326656,9.75639895523555,9.41233802881879,10.2701823809031,11.6224989376259,9.0361676600012,10.3411178510979,10.2099388266644,7.23227317574475,11.1328628676551,11.3318071435099,11.2845247447458,11.3391594885583,0.01639344262295082,9.711127723713481
1010,,,,,,,,,,,,,,7.53955869629734,,,,,,,,,,,,,,,,,,,,,,,,,,,,,,,,,,,,,,,,,,,,,,,,9.74874313346607,0.9672131147540983,6.085171648172502
628,,8.50265055083946,9.62703460742561,8.64065346026492,8.74036944769263,9.40442170708298,8.70916278496483,8.46277924986572,8.86284650550505,8.90268215393588,9.55578249742139,8.88597568712528,8.74089320987959,8.69669784182228,8.38731403893464,9.89169761238064,8.41007647200318,7.65914684108094,9.33468036308942,8.59313426285677,8.49739837931857,9.1719638336594,9.06338871466414,9.25788219837187,8.30137019767433,9.29247991306922,9.35397383017779,8.41785893380925,,8.67878644598537,7.20584395442897,8.17646493728004,7.63487820854914,8.29515767696916,7.81613897449838,9.79427368666889,7.52562240609176,8.94662238542937,7.78810377831042,8.35175593324104,8.93575227209787,9.76918385389541,7.177256661882,8.24011015909556,6.94858200730798,8.62174046706104,9.12453929758174,8.69967756903849,9.10314806420298,9.33304216559191,8.9593480373212,9.43190906292401,9.95313325599454,9.25032924129516,8.82909364949453,8.99640962548062,9.90165320905595,9.38421729905024,10.5501985847619,8.96967730837484,9.20827091066896,9.83158183201668,0.01639344262295082,8.669069043593195
525,,,11.8487940167748,10.8849973227985,9.63106491534898,10.8646105994594,10.7787793220107,10.9935460638095,,10.9824196017222,10.8596951042846,10.2979212798454,10.7230031001456,9.88883285495149,10.2984722646043,11.2575338647323,10.9098835667587,9.14865394855189,,,11.71164278939,9.94811230979077,9.98690940297884,9.44417129268734,10.7672250550754,11.1261288694531,,8.76797893447685,,7.04370857768248,,9.61953956822322,9.13788020807059,11.1044395422259,,12.659499588813,,,,10.5950256716236,9.27649296739656,10.6405767932156,9.38753499566196,,,9.34520029152566,9.60831183430358,,10.9204124366519,10.2691135966579,10.6327099816835,,11.0890313998894,10.2201220950014,11.30849962638,11.0365773973731,8.1610463636484,9.21092882735975,11.0122772596719,10.9773035666766,10.2407535263097,10.8708879270835,0.2459016393442623,10.122003237492002
647,,11.1119870161243,11.704459853121,10.9147005574927,11.6747499358381,11.1562511560153,11.5071815563473,11.2058887321331,11.4565815593237,11.0178006059214,11.9615774498401,11.6212648928403,11.5507490476669,9.95300159831355,11.247681912102,11.0598224004098,11.1101179798719,11.305549693931,11.5164762084653,11.6165294245613,11.5211741919591,11.9156870086834,11.3150476550275,11.2236935473723,10.969510433987,11.8414336414568,11.5864398483281,11.2373417681928,10.4807835084349,11.1824928069466,11.3708389088781,10.6879533287297,10.9414474820952,10.693812069556,10.5612608410988,11.3948301309815,11.3559537708199,11.3630196010357,9.97795625231701,11.4163779663976,10.9620212642933,11.2501327049008,11.22947214778,11.2967974407456,9.61188391842494,10.8673049561409,11.9070889893247,11.8898624318678,11.5855451885793,11.6756404986203,11.9740206390825,12.0282885914191,11.8347612160348,11.4827328739591,11.8939691596379,11.9059663646778,12.0395954416618,11.8629351768108,11.46008053045,11.5983377816581,11.2501516849261,11.2743847983155,0.0,11.138877421644002
297,,12.6969403309048,11.4247317201101,11.3077673783985,12.0145065065912,11.3485868860262,11.865509431703,11.4876840346244,10.9693911286586,12.5667886311619,11.2940100279798,11.8045130806422,11.246638634392,12.2225753818371,12.327037961648,13.2821545922811,11.6897240003148,11.432493587504,12.1006367022862,12.1055806560743,12.2873365676464,11.2190967675694,12.4990836646227,11.3896497614262,11.5980767200353,12.2862461607495,11.7249354407136,11.6219507352265,10.8660225107572,11.491073006005,10.500657122097,11.4933225749093,10.9344484393416,11.6302309780518,9.63009213890896,12.4188775768387,10.0081057223084,11.3651127992833,10.6230557281533,11.3510670108138,12.0580295750993,12.2233143511231,10.8779176156723,12.5210634391655,7.52964619310576,10.7218927465905,10.907410847466,11.7075850059257,11.9325546846875,11.9441823228934,10.7901024141436,12.2789676154617,12.9080779457668,11.8551155925235,11.3734883367909,11.4249223764,12.2266150616786,11.3296010108994,11.777905044677,11.7380922630121,10.9311129432296,12.078851936777,0.0,11.375196151962667
565,,10.6661813624895,11.7365366208557,11.7654812737234,11.3239396011966,11.543800306872,11.9050937143542,11.9511021809765,13.2907302103234,11.9315484905241,11.8657486069535,12.0331007212834,11.5083938806132,11.6028028059362,11.7059078720061,12.6156476690541,11.4397378392835,10.7458404642885,12.0112518640643,11.9393477214935,12.4097353704069,12.1625368954415,11.3812745165344,12.3325266659912,10.3972232927748,12.2483833829946,11.9347008811463,11.2522440959916,8.58190910281189,11.9523862276751,9.76470796947284,11.7004867072282,9.32896390802157,12.1463615322751,9.8936481263701,11.9524704344906,10.9172819706247,11.6769466777089,9.59387273775312,11.4329226401221,12.2257490528053,13.1533661899831,10.1851402041377,9.97888755646455,9.03754415016622,11.431315427586,12.4499986973509,11.3454606459867,11.9403807004296,11.8584113950214,11.7881197448668,12.5729272140089,13.3317984239085,12.2946454714379,12.656141905555,12.484367829409,12.3894856059204,11.7389944173394,12.0222293097238,12.0864837247662,12.0688449284095,12.0038467767879,0.0,11.414305092164389
251,,11.8469643361238,11.4830131465121,11.7437638320237,11.5617231667986,11.5536872021496,11.4885535111302,10.8333592341171,12.2224598558367,12.5623413394802,11.8529474706777,11.3078470138283,11.118980112954,11.9710058938578,12.5803918690373,13.548741289354,11.49745124771,12.2162776947156,11.9269072400225,12.3053495138049,12.6511704032564,11.5849229279951,12.3725147567823,12.2067699110796,12.3706619865171,12.0278016174496,12.3292373326776,11.8888844502017,9.84378719700525,12.0154494849087,10.6792088126577,11.9515441162841,11.2767184684018,12.0302152220177,10.6295484853824,12.3977261341347,12.3681895177874,11.7201322160944,11.2576843885006,11.3000919982168,12.1805271523631,11.7060513104447,11.5093100855715,11.9710215044251,11.1217728885069,11.7979735050571,11.8964913748699,11.9665046285742,12.1168909622635,11.8489912645086,11.483836548586,11.3770770606889,11.727483300907,12.0718081659935,11.742648805268,11.2887044017775,11.4880639654615,11.9538048860432,11.8510637882576,11.7271524730941,11.4878752132582,11.6118652889726,0.0,11.58791843503835
714,,12.6840979769149,12.2413418209619,12.2889045659348,12.7114930045982,12.1074090837219,12.6518747606869,12.1204024510076,12.7671210899432,12.9123304287539,12.7438158346964,12.4049694809016,11.8424992631717,12.74396884576,12.9672299172456,13.6650681747573,11.7639533237248,11.4071827812149,12.9654685429591,12.3441111678842,12.8588599919801,12.5000681113214,12.9482300647476,12.8048498557038,12.4189384149899,13.1163675583724,12.6386815953928,12.1972143260797,10.2319117417716,12.407878503508,10.4993771358544,12.2344850391614,10.6971584931207,12.5247625223055,11.4702352543268,13.0455239318895,10.2910497242728,12.5525456980675,11.0545413269835,12.7555178563769,12.6025592355891,13.2435289521032,11.6387441542179,12.283601459694,9.90258538453915,11.9347094688286,12.398371706124,12.2753624654597,12.5521541816184,12.3590449768866,12.08572785745,12.8760491663151,12.960022850643,12.8253266662284,12.7967500119147,12.6630803372348,12.9241182912133,12.4647884984603,12.3909046610476,12.3243505642256,12.3621032945114,12.6327165961482,0.0,12.114161942605131
