Genes,Median_Abundance,Missingness_Rate,Below_Threshold,Gene_Symbol
BLTP3B,6.93780563997556,0.5,True,BLTP3B
BRD1,7.116364154873976,0.5,True,BRD1
TEX2,7.171155636508415,0.5,True,TEX2
TMEM175,7.186714394127909,0.5,True,TMEM175
DRAM2,7.210445247038545,0.5,True,DRAM2
SYPL2,7.271488869998006,0.5,True,SYPL2
ZNF362,7.302080124448334,0.5,True,ZNF362
MAP4K3,7.30954753370907,0.5,True,MAP4K3
EXOC3L2,7.321082184723251,0.5,True,EXOC3L2
RNF135,7.33778983072158,0.5,True,RNF135
TMEM181,7.346456329375846,0.5,True,TMEM181
SMAD1,7.353768509544995,0.5,True,SMAD1
IFT81,7.386378123366111,0.5,True,IFT81
ATXN1,7.4466537140612,0.5,True,ATXN1
LZTR1,7.451482060851015,0.5,True,LZTR1
IFNGR1,7.458842148317845,0.5,True,IFNGR1
MANBAL,6.70318900459229,0.4807692307692308,True,MANBAL
C6orf120,6.99495645904816,0.4807692307692308,True,C6orf120
FAM185A,7.32755048223966,0.4807692307692308,True,FAM185A
RASAL2,7.35718811609293,0.4807692307692308,True,RASAL2
MTFMT,7.45849757848685,0.4807692307692308,True,MTFMT
GPRIN3,6.979933671058555,0.46153846153846156,True,GPRIN3
MLX,7.085189499790545,0.46153846153846156,True,MLX
ASXL2,7.09303996898765,0.46153846153846156,True,ASXL2
CEP41,7.13764638220336,0.46153846153846156,True,CEP41
LAGE3,7.21202050845841,0.46153846153846156,True,LAGE3
ATF2,7.22465298843737,0.46153846153846156,True,ATF2
ICMT,7.24253830429582,0.46153846153846156,True,ICMT
ANKRD54,7.243653000776209,0.46153846153846156,True,ANKRD54
ADAMTS4,7.292046997357,0.46153846153846156,True,ADAMTS4
SERPINA12,7.317121109551195,0.46153846153846156,True,SERPINA12
EPG5,7.335342168795045,0.46153846153846156,True,EPG5
SSBP2,6.92095103965111,0.4423076923076923,True,SSBP2
MR1,6.94663077653644,0.4423076923076923,True,MR1
KCMF1,7.15927484294881,0.4423076923076923,True,KCMF1
BPIFA1,7.19416781574161,0.4423076923076923,True,BPIFA1
AFTPH,7.22302325871384,0.4423076923076923,True,AFTPH
SP2,7.22720678950966,0.4423076923076923,True,SP2
TANK,7.26538870707035,0.4423076923076923,True,TANK
MTRF1L,7.33194514613363,0.4423076923076923,True,MTRF1L
CCDC126,7.34187806714263,0.4423076923076923,True,CCDC126
ADCY7,7.35004473481342,0.4423076923076923,True,ADCY7
TTC8,7.35236013162197,0.4423076923076923,True,TTC8
PNPLA4,7.36271729279197,0.4423076923076923,True,PNPLA4
IL18R1,7.36775765665448,0.4423076923076923,True,IL18R1
NSUN7,7.44712932516536,0.4423076923076923,True,NSUN7
KDELR3,7.45334460256814,0.4423076923076923,True,KDELR3
WDR54,7.240007245134335,0.4230769230769231,True,WDR54
ADCK5,7.3277923629920405,0.4230769230769231,True,ADCK5
SACS,7.33932466370171,0.4230769230769231,True,SACS
RFTN2,7.375410686753581,0.4230769230769231,True,RFTN2
NPRL3,7.416274622851055,0.4230769230769231,True,NPRL3
INTS12,7.435854173151575,0.4230769230769231,True,INTS12
TP53BP2,7.440691937778755,0.4230769230769231,True,TP53BP2
UBE3B,6.94051296158787,0.40384615384615385,True,UBE3B
MRTFB,7.24249101708719,0.40384615384615385,True,MRTFB
ARHGAP21,7.3123065822824,0.40384615384615385,True,ARHGAP21
GAS2L1,7.44567168051933,0.40384615384615385,True,GAS2L1
OBSL1,7.4529402308145,0.40384615384615385,True,OBSL1
B3GNT9,7.22974560818615,0.38461538461538464,True,B3GNT9
HPS5,7.43824525196904,0.38461538461538464,True,HPS5
CCDC28A,7.4486648944143194,0.38461538461538464,True,CCDC28A
C2CD2L,7.454036637809166,0.38461538461538464,True,C2CD2L
ABRACL,6.91814742815847,0.36538461538461536,True,ABRACL
DCP1A,7.08104896947799,0.36538461538461536,True,DCP1A
DHX40,7.22893408630681,0.36538461538461536,True,DHX40
B4GALT7,7.23921458107865,0.36538461538461536,True,B4GALT7
SENP8,7.25149525230997,0.36538461538461536,True,SENP8
DGKZ,7.29250281955916,0.36538461538461536,True,DGKZ
TBC1D8B,7.35959731113988,0.36538461538461536,True,TBC1D8B
SLC25A32,7.22131893527515,0.34615384615384615,True,SLC25A32
SEPHS2,7.3175097540177845,0.34615384615384615,True,SEPHS2
EP400,7.32135533848265,0.34615384615384615,True,EP400
OLR1,7.3277288481356955,0.34615384615384615,True,OLR1
FARP2,7.382551730138835,0.34615384615384615,True,FARP2
MRPS33,7.391847862531745,0.34615384615384615,True,MRPS33
SMIM12,7.43159568498799,0.3269230769230769,True,SMIM12
SPOCK1,7.43489918618973,0.3269230769230769,True,SPOCK1
SEMA4D,7.06644956928398,0.3076923076923077,True,SEMA4D
PIGO,7.22238686586789,0.3076923076923077,True,PIGO
PLCL2,7.38591307866143,0.3076923076923077,True,PLCL2
CRTC3,7.440056822753675,0.3076923076923077,True,CRTC3
LRRC41,7.07702376734076,0.28846153846153844,True,LRRC41
MMGT1,7.31029763484482,0.28846153846153844,True,MMGT1
ZBTB20,7.37128601183742,0.28846153846153844,True,ZBTB20
C1QTNF3,7.39671818230006,0.28846153846153844,True,C1QTNF3
IFIH1,7.42093080351935,0.28846153846153844,True,IFIH1
TNFRSF10C,7.258043835191585,0.2692307692307692,True,TNFRSF10C
ZG16B,7.28214442851396,0.2692307692307692,True,ZG16B
ANKRD13D,7.4472590214487795,0.2692307692307692,True,ANKRD13D
MZT2B,7.18405868399036,0.25,True,MZT2B
TGFBR3,7.29927281583333,0.25,True,TGFBR3
PRORP,7.39808325767294,0.25,True,PRORP
GXYLT1,7.118916436556085,0.23076923076923078,True,GXYLT1
PGS1,7.238595389956995,0.23076923076923078,True,PGS1
SNX24,7.12152945589205,0.21153846153846154,True,SNX24
IREB2,7.21277292875653,0.21153846153846154,True,IREB2
RBPMS2,6.83141558964809,0.19230769230769232,True,RBPMS2
MINK1,7.19049898708768,0.17307692307692307,True,MINK1
PHACTR2,7.20377859555852,0.17307692307692307,True,PHACTR2
HACD4,7.43023074632968,0.17307692307692307,True,HACD4
RBM42,7.406017618159375,0.15384615384615385,True,RBM42
DCAF6,7.32559120913275,0.1346153846153846,True,DCAF6
FAM210B,7.30512024129072,0.09615384615384616,True,FAM210B
