Community,Mean edge importance,Number of proteins,All subnetwork proteins,Pathway,P-value,Adjusted P-value,Odds Ratio,Combined Score,Genes
3,0.4611,72,SPTAN1;GPX3;ANXA2;GPI;PRDX2;LDHA;PDIA3;ENO2;TALDO1;UBE2H;RBX1;BLVRB;HSPA9;MAPK14;CCT5;HAGH;UQCRFS1;HP;CALR;ACTBL2;TPI1;HSP90B1;ATP5PD;PRDX3;YWHAG;PDIA6;SOD2;TCP1;GLRX3;GPX4;ORM2;P4HB;YWHAZ;EEF1G;DPYSL2;ACTG1;MMP2;YWHAE;ATP5F1A;PRDX6;CANX;LAP3;GSR;APOA1;GLO1;NDUFS8;IDH1;SOD3;CCT4;HSPD1;APOE;GLRX;ALDOA;ANXA1;GSTO1;YWHAB;CCT6A;ERP44;CASP14;HSPB1;VDAC1;ORM1;STOM;ATP5F1B;PGK1;PARK7;PLG;NME1;DLD;TXNDC5;PEBP1;CCT7,Detoxification Of Reactive Oxygen Species R-HSA-3299685,5.044775545909164e-07,0.00020935818515523032,57.54545454545455,834.3942722954774,PRDX3;PRDX2;GPX3;GSR;P4HB;SOD3
3,0.4611,72,SPTAN1;GPX3;ANXA2;GPI;PRDX2;LDHA;PDIA3;ENO2;TALDO1;UBE2H;RBX1;BLVRB;HSPA9;MAPK14;CCT5;HAGH;UQCRFS1;HP;CALR;ACTBL2;TPI1;HSP90B1;ATP5PD;PRDX3;YWHAG;PDIA6;SOD2;TCP1;GLRX3;GPX4;ORM2;P4HB;YWHAZ;EEF1G;DPYSL2;ACTG1;MMP2;YWHAE;ATP5F1A;PRDX6;CANX;LAP3;GSR;APOA1;GLO1;NDUFS8;IDH1;SOD3;CCT4;HSPD1;APOE;GLRX;ALDOA;ANXA1;GSTO1;YWHAB;CCT6A;ERP44;CASP14;HSPB1;VDAC1;ORM1;STOM;ATP5F1B;PGK1;PARK7;PLG;NME1;DLD;TXNDC5;PEBP1;CCT7,Association Of TriC/CCT With Target Proteins During Biosynthesis R-HSA-390471,2.2507606922179677e-06,0.00023351642181761414,94.55223880597015,1229.5802247125687,CCT6A;TCP1;CCT7;CCT5;CCT4
3,0.4611,72,SPTAN1;GPX3;ANXA2;GPI;PRDX2;LDHA;PDIA3;ENO2;TALDO1;UBE2H;RBX1;BLVRB;HSPA9;MAPK14;CCT5;HAGH;UQCRFS1;HP;CALR;ACTBL2;TPI1;HSP90B1;ATP5PD;PRDX3;YWHAG;PDIA6;SOD2;TCP1;GLRX3;GPX4;ORM2;P4HB;YWHAZ;EEF1G;DPYSL2;ACTG1;MMP2;YWHAE;ATP5F1A;PRDX6;CANX;LAP3;GSR;APOA1;GLO1;NDUFS8;IDH1;SOD3;CCT4;HSPD1;APOE;GLRX;ALDOA;ANXA1;GSTO1;YWHAB;CCT6A;ERP44;CASP14;HSPB1;VDAC1;ORM1;STOM;ATP5F1B;PGK1;PARK7;PLG;NME1;DLD;TXNDC5;PEBP1;CCT7,Folding Of Actin By CCT/TriC R-HSA-390450,2.2507606922179677e-06,0.00023351642181761414,94.55223880597015,1229.5802247125687,CCT6A;TCP1;CCT7;CCT5;CCT4
3,0.4611,72,SPTAN1;GPX3;ANXA2;GPI;PRDX2;LDHA;PDIA3;ENO2;TALDO1;UBE2H;RBX1;BLVRB;HSPA9;MAPK14;CCT5;HAGH;UQCRFS1;HP;CALR;ACTBL2;TPI1;HSP90B1;ATP5PD;PRDX3;YWHAG;PDIA6;SOD2;TCP1;GLRX3;GPX4;ORM2;P4HB;YWHAZ;EEF1G;DPYSL2;ACTG1;MMP2;YWHAE;ATP5F1A;PRDX6;CANX;LAP3;GSR;APOA1;GLO1;NDUFS8;IDH1;SOD3;CCT4;HSPD1;APOE;GLRX;ALDOA;ANXA1;GSTO1;YWHAB;CCT6A;ERP44;CASP14;HSPB1;VDAC1;ORM1;STOM;ATP5F1B;PGK1;PARK7;PLG;NME1;DLD;TXNDC5;PEBP1;CCT7,Mitochondrial Protein Import R-HSA-1268020,2.2507606922179677e-06,0.00023351642181761414,94.55223880597015,1229.5802247125687,HSPA9;ATP5F1A;ATP5F1B;VDAC1;HSPD1
3,0.4611,72,SPTAN1;GPX3;ANXA2;GPI;PRDX2;LDHA;PDIA3;ENO2;TALDO1;UBE2H;RBX1;BLVRB;HSPA9;MAPK14;CCT5;HAGH;UQCRFS1;HP;CALR;ACTBL2;TPI1;HSP90B1;ATP5PD;PRDX3;YWHAG;PDIA6;SOD2;TCP1;GLRX3;GPX4;ORM2;P4HB;YWHAZ;EEF1G;DPYSL2;ACTG1;MMP2;YWHAE;ATP5F1A;PRDX6;CANX;LAP3;GSR;APOA1;GLO1;NDUFS8;IDH1;SOD3;CCT4;HSPD1;APOE;GLRX;ALDOA;ANXA1;GSTO1;YWHAB;CCT6A;ERP44;CASP14;HSPB1;VDAC1;ORM1;STOM;ATP5F1B;PGK1;PARK7;PLG;NME1;DLD;TXNDC5;PEBP1;CCT7,Organelle Biogenesis And Maintenance R-HSA-1852241,8.851055739482949e-06,0.0007346376263770848,7.704714640198511,89.6441530789092,HSPA9;YWHAE;ATP5F1A;ATP5PD;ATP5F1B;TCP1;MAPK14;CCT5;YWHAG;CCT4
3,0.4611,72,SPTAN1;GPX3;ANXA2;GPI;PRDX2;LDHA;PDIA3;ENO2;TALDO1;UBE2H;RBX1;BLVRB;HSPA9;MAPK14;CCT5;HAGH;UQCRFS1;HP;CALR;ACTBL2;TPI1;HSP90B1;ATP5PD;PRDX3;YWHAG;PDIA6;SOD2;TCP1;GLRX3;GPX4;ORM2;P4HB;YWHAZ;EEF1G;DPYSL2;ACTG1;MMP2;YWHAE;ATP5F1A;PRDX6;CANX;LAP3;GSR;APOA1;GLO1;NDUFS8;IDH1;SOD3;CCT4;HSPD1;APOE;GLRX;ALDOA;ANXA1;GSTO1;YWHAB;CCT6A;ERP44;CASP14;HSPB1;VDAC1;ORM1;STOM;ATP5F1B;PGK1;PARK7;PLG;NME1;DLD;TXNDC5;PEBP1;CCT7,Interleukin-12 Family Signaling R-HSA-447115,1.915324344385447e-05,0.0013247660048666008,12.306293706293706,133.6837421544774,HSPA9;ANXA2;GSTO1;CANX;TCP1;TALDO1;P4HB
3,0.4611,72,SPTAN1;GPX3;ANXA2;GPI;PRDX2;LDHA;PDIA3;ENO2;TALDO1;UBE2H;RBX1;BLVRB;HSPA9;MAPK14;CCT5;HAGH;UQCRFS1;HP;CALR;ACTBL2;TPI1;HSP90B1;ATP5PD;PRDX3;YWHAG;PDIA6;SOD2;TCP1;GLRX3;GPX4;ORM2;P4HB;YWHAZ;EEF1G;DPYSL2;ACTG1;MMP2;YWHAE;ATP5F1A;PRDX6;CANX;LAP3;GSR;APOA1;GLO1;NDUFS8;IDH1;SOD3;CCT4;HSPD1;APOE;GLRX;ALDOA;ANXA1;GSTO1;YWHAB;CCT6A;ERP44;CASP14;HSPB1;VDAC1;ORM1;STOM;ATP5F1B;PGK1;PARK7;PLG;NME1;DLD;TXNDC5;PEBP1;CCT7,Citric Acid (TCA) Cycle And Respiratory Electron Transport R-HSA-1428517,2.3418517523786617e-05,0.0013883835389102066,7.732919254658385,82.448257510674,LDHA;ATP5F1A;ATP5PD;NDUFS8;ATP5F1B;GLO1;UQCRFS1;VDAC1;HAGH
3,0.4611,72,SPTAN1;GPX3;ANXA2;GPI;PRDX2;LDHA;PDIA3;ENO2;TALDO1;UBE2H;RBX1;BLVRB;HSPA9;MAPK14;CCT5;HAGH;UQCRFS1;HP;CALR;ACTBL2;TPI1;HSP90B1;ATP5PD;PRDX3;YWHAG;PDIA6;SOD2;TCP1;GLRX3;GPX4;ORM2;P4HB;YWHAZ;EEF1G;DPYSL2;ACTG1;MMP2;YWHAE;ATP5F1A;PRDX6;CANX;LAP3;GSR;APOA1;GLO1;NDUFS8;IDH1;SOD3;CCT4;HSPD1;APOE;GLRX;ALDOA;ANXA1;GSTO1;YWHAB;CCT6A;ERP44;CASP14;HSPB1;VDAC1;ORM1;STOM;ATP5F1B;PGK1;PARK7;PLG;NME1;DLD;TXNDC5;PEBP1;CCT7,Cellular Responses To Stress R-HSA-2262752,3.508662124358827e-05,0.0018201184770111417,3.8603481624758222,39.59825729561092,HSPA9;YWHAE;GPX3;IDH1;GSR;TALDO1;APOA1;MAPK14;PDIA6;SOD3;RBX1;HSP90B1;PRDX3;PRDX2;BLVRB;CALR;P4HB
3,0.4611,72,SPTAN1;GPX3;ANXA2;GPI;PRDX2;LDHA;PDIA3;ENO2;TALDO1;UBE2H;RBX1;BLVRB;HSPA9;MAPK14;CCT5;HAGH;UQCRFS1;HP;CALR;ACTBL2;TPI1;HSP90B1;ATP5PD;PRDX3;YWHAG;PDIA6;SOD2;TCP1;GLRX3;GPX4;ORM2;P4HB;YWHAZ;EEF1G;DPYSL2;ACTG1;MMP2;YWHAE;ATP5F1A;PRDX6;CANX;LAP3;GSR;APOA1;GLO1;NDUFS8;IDH1;SOD3;CCT4;HSPD1;APOE;GLRX;ALDOA;ANXA1;GSTO1;YWHAB;CCT6A;ERP44;CASP14;HSPB1;VDAC1;ORM1;STOM;ATP5F1B;PGK1;PARK7;PLG;NME1;DLD;TXNDC5;PEBP1;CCT7,Cellular Responses To Stimuli R-HSA-8953897,3.965318924551132e-05,0.0018284526152096887,3.8164593301435406,38.681109770713796,HSPA9;YWHAE;GPX3;IDH1;GSR;TALDO1;APOA1;MAPK14;PDIA6;SOD3;RBX1;HSP90B1;PRDX3;PRDX2;BLVRB;CALR;P4HB
3,0.4611,72,SPTAN1;GPX3;ANXA2;GPI;PRDX2;LDHA;PDIA3;ENO2;TALDO1;UBE2H;RBX1;BLVRB;HSPA9;MAPK14;CCT5;HAGH;UQCRFS1;HP;CALR;ACTBL2;TPI1;HSP90B1;ATP5PD;PRDX3;YWHAG;PDIA6;SOD2;TCP1;GLRX3;GPX4;ORM2;P4HB;YWHAZ;EEF1G;DPYSL2;ACTG1;MMP2;YWHAE;ATP5F1A;PRDX6;CANX;LAP3;GSR;APOA1;GLO1;NDUFS8;IDH1;SOD3;CCT4;HSPD1;APOE;GLRX;ALDOA;ANXA1;GSTO1;YWHAB;CCT6A;ERP44;CASP14;HSPB1;VDAC1;ORM1;STOM;ATP5F1B;PGK1;PARK7;PLG;NME1;DLD;TXNDC5;PEBP1;CCT7,Mitochondrial Biogenesis R-HSA-1592230,7.970701074587434e-05,0.0029377083363540117,18.850746268656717,177.89737692482842,HSPA9;ATP5F1A;ATP5PD;ATP5F1B;MAPK14
3,0.4611,72,SPTAN1;GPX3;ANXA2;GPI;PRDX2;LDHA;PDIA3;ENO2;TALDO1;UBE2H;RBX1;BLVRB;HSPA9;MAPK14;CCT5;HAGH;UQCRFS1;HP;CALR;ACTBL2;TPI1;HSP90B1;ATP5PD;PRDX3;YWHAG;PDIA6;SOD2;TCP1;GLRX3;GPX4;ORM2;P4HB;YWHAZ;EEF1G;DPYSL2;ACTG1;MMP2;YWHAE;ATP5F1A;PRDX6;CANX;LAP3;GSR;APOA1;GLO1;NDUFS8;IDH1;SOD3;CCT4;HSPD1;APOE;GLRX;ALDOA;ANXA1;GSTO1;YWHAB;CCT6A;ERP44;CASP14;HSPB1;VDAC1;ORM1;STOM;ATP5F1B;PGK1;PARK7;PLG;NME1;DLD;TXNDC5;PEBP1;CCT7,Interleukin-12 Signaling R-HSA-9020591,0.00010207806082675267,0.0029377083363540117,11.436363636363636,105.097582734731,HSPA9;ANXA2;GSTO1;TCP1;TALDO1;P4HB
3,0.4611,72,SPTAN1;GPX3;ANXA2;GPI;PRDX2;LDHA;PDIA3;ENO2;TALDO1;UBE2H;RBX1;BLVRB;HSPA9;MAPK14;CCT5;HAGH;UQCRFS1;HP;CALR;ACTBL2;TPI1;HSP90B1;ATP5PD;PRDX3;YWHAG;PDIA6;SOD2;TCP1;GLRX3;GPX4;ORM2;P4HB;YWHAZ;EEF1G;DPYSL2;ACTG1;MMP2;YWHAE;ATP5F1A;PRDX6;CANX;LAP3;GSR;APOA1;GLO1;NDUFS8;IDH1;SOD3;CCT4;HSPD1;APOE;GLRX;ALDOA;ANXA1;GSTO1;YWHAB;CCT6A;ERP44;CASP14;HSPB1;VDAC1;ORM1;STOM;ATP5F1B;PGK1;PARK7;PLG;NME1;DLD;TXNDC5;PEBP1;CCT7,Activation Of BAD And Translocation To Mitochondria R-HSA-111447,0.00010618222902484379,0.0029377083363540117,37.23529411764706,340.716114954314,YWHAE;YWHAB;YWHAZ;YWHAG
3,0.4611,72,SPTAN1;GPX3;ANXA2;GPI;PRDX2;LDHA;PDIA3;ENO2;TALDO1;UBE2H;RBX1;BLVRB;HSPA9;MAPK14;CCT5;HAGH;UQCRFS1;HP;CALR;ACTBL2;TPI1;HSP90B1;ATP5PD;PRDX3;YWHAG;PDIA6;SOD2;TCP1;GLRX3;GPX4;ORM2;P4HB;YWHAZ;EEF1G;DPYSL2;ACTG1;MMP2;YWHAE;ATP5F1A;PRDX6;CANX;LAP3;GSR;APOA1;GLO1;NDUFS8;IDH1;SOD3;CCT4;HSPD1;APOE;GLRX;ALDOA;ANXA1;GSTO1;YWHAB;CCT6A;ERP44;CASP14;HSPB1;VDAC1;ORM1;STOM;ATP5F1B;PGK1;PARK7;PLG;NME1;DLD;TXNDC5;PEBP1;CCT7,Pyruvate Metabolism R-HSA-70268,0.00010618222902484379,0.0029377083363540117,37.23529411764706,340.716114954314,LDHA;GLO1;VDAC1;HAGH
3,0.4611,72,SPTAN1;GPX3;ANXA2;GPI;PRDX2;LDHA;PDIA3;ENO2;TALDO1;UBE2H;RBX1;BLVRB;HSPA9;MAPK14;CCT5;HAGH;UQCRFS1;HP;CALR;ACTBL2;TPI1;HSP90B1;ATP5PD;PRDX3;YWHAG;PDIA6;SOD2;TCP1;GLRX3;GPX4;ORM2;P4HB;YWHAZ;EEF1G;DPYSL2;ACTG1;MMP2;YWHAE;ATP5F1A;PRDX6;CANX;LAP3;GSR;APOA1;GLO1;NDUFS8;IDH1;SOD3;CCT4;HSPD1;APOE;GLRX;ALDOA;ANXA1;GSTO1;YWHAB;CCT6A;ERP44;CASP14;HSPB1;VDAC1;ORM1;STOM;ATP5F1B;PGK1;PARK7;PLG;NME1;DLD;TXNDC5;PEBP1;CCT7,Chk1/Chk2(Cds1) Mediated Inactivation Of Cyclin B:Cdk1 Complex R-HSA-75035,0.00010618222902484379,0.0029377083363540117,37.23529411764706,340.716114954314,YWHAE;YWHAB;YWHAZ;YWHAG
3,0.4611,72,SPTAN1;GPX3;ANXA2;GPI;PRDX2;LDHA;PDIA3;ENO2;TALDO1;UBE2H;RBX1;BLVRB;HSPA9;MAPK14;CCT5;HAGH;UQCRFS1;HP;CALR;ACTBL2;TPI1;HSP90B1;ATP5PD;PRDX3;YWHAG;PDIA6;SOD2;TCP1;GLRX3;GPX4;ORM2;P4HB;YWHAZ;EEF1G;DPYSL2;ACTG1;MMP2;YWHAE;ATP5F1A;PRDX6;CANX;LAP3;GSR;APOA1;GLO1;NDUFS8;IDH1;SOD3;CCT4;HSPD1;APOE;GLRX;ALDOA;ANXA1;GSTO1;YWHAB;CCT6A;ERP44;CASP14;HSPB1;VDAC1;ORM1;STOM;ATP5F1B;PGK1;PARK7;PLG;NME1;DLD;TXNDC5;PEBP1;CCT7,SARS-CoV-2 Targets Host Intracellular Signaling And Regulatory Pathways R-HSA-9755779,0.00010618222902484379,0.0029377083363540117,37.23529411764706,340.716114954314,YWHAE;YWHAB;YWHAZ;YWHAG
3,0.4611,72,SPTAN1;GPX3;ANXA2;GPI;PRDX2;LDHA;PDIA3;ENO2;TALDO1;UBE2H;RBX1;BLVRB;HSPA9;MAPK14;CCT5;HAGH;UQCRFS1;HP;CALR;ACTBL2;TPI1;HSP90B1;ATP5PD;PRDX3;YWHAG;PDIA6;SOD2;TCP1;GLRX3;GPX4;ORM2;P4HB;YWHAZ;EEF1G;DPYSL2;ACTG1;MMP2;YWHAE;ATP5F1A;PRDX6;CANX;LAP3;GSR;APOA1;GLO1;NDUFS8;IDH1;SOD3;CCT4;HSPD1;APOE;GLRX;ALDOA;ANXA1;GSTO1;YWHAB;CCT6A;ERP44;CASP14;HSPB1;VDAC1;ORM1;STOM;ATP5F1B;PGK1;PARK7;PLG;NME1;DLD;TXNDC5;PEBP1;CCT7,Protein Localization R-HSA-9609507,0.0001510886600655577,0.003918862120450403,10.388429752066116,91.39370398400814,HSPA9;ATP5F1A;ATP5F1B;IDH1;VDAC1;HSPD1
3,0.4611,72,SPTAN1;GPX3;ANXA2;GPI;PRDX2;LDHA;PDIA3;ENO2;TALDO1;UBE2H;RBX1;BLVRB;HSPA9;MAPK14;CCT5;HAGH;UQCRFS1;HP;CALR;ACTBL2;TPI1;HSP90B1;ATP5PD;PRDX3;YWHAG;PDIA6;SOD2;TCP1;GLRX3;GPX4;ORM2;P4HB;YWHAZ;EEF1G;DPYSL2;ACTG1;MMP2;YWHAE;ATP5F1A;PRDX6;CANX;LAP3;GSR;APOA1;GLO1;NDUFS8;IDH1;SOD3;CCT4;HSPD1;APOE;GLRX;ALDOA;ANXA1;GSTO1;YWHAB;CCT6A;ERP44;CASP14;HSPB1;VDAC1;ORM1;STOM;ATP5F1B;PGK1;PARK7;PLG;NME1;DLD;TXNDC5;PEBP1;CCT7,TP53 Regulates Metabolic Genes R-HSA-5628897,0.00021705680963256645,0.005191762039556898,9.515151515151516,80.26364706507198,YWHAE;PRDX2;YWHAB;GSR;YWHAZ;YWHAG
3,0.4611,72,SPTAN1;GPX3;ANXA2;GPI;PRDX2;LDHA;PDIA3;ENO2;TALDO1;UBE2H;RBX1;BLVRB;HSPA9;MAPK14;CCT5;HAGH;UQCRFS1;HP;CALR;ACTBL2;TPI1;HSP90B1;ATP5PD;PRDX3;YWHAG;PDIA6;SOD2;TCP1;GLRX3;GPX4;ORM2;P4HB;YWHAZ;EEF1G;DPYSL2;ACTG1;MMP2;YWHAE;ATP5F1A;PRDX6;CANX;LAP3;GSR;APOA1;GLO1;NDUFS8;IDH1;SOD3;CCT4;HSPD1;APOE;GLRX;ALDOA;ANXA1;GSTO1;YWHAB;CCT6A;ERP44;CASP14;HSPB1;VDAC1;ORM1;STOM;ATP5F1B;PGK1;PARK7;PLG;NME1;DLD;TXNDC5;PEBP1;CCT7,Formation Of Tubulin Folding Intermediates By CCT/TriC R-HSA-389960,0.00023006509482841018,0.005191762039556898,13.443496801705757,112.61816594949464,CCT6A;TCP1;CCT7;CCT5;CCT4
3,0.4611,72,SPTAN1;GPX3;ANXA2;GPI;PRDX2;LDHA;PDIA3;ENO2;TALDO1;UBE2H;RBX1;BLVRB;HSPA9;MAPK14;CCT5;HAGH;UQCRFS1;HP;CALR;ACTBL2;TPI1;HSP90B1;ATP5PD;PRDX3;YWHAG;PDIA6;SOD2;TCP1;GLRX3;GPX4;ORM2;P4HB;YWHAZ;EEF1G;DPYSL2;ACTG1;MMP2;YWHAE;ATP5F1A;PRDX6;CANX;LAP3;GSR;APOA1;GLO1;NDUFS8;IDH1;SOD3;CCT4;HSPD1;APOE;GLRX;ALDOA;ANXA1;GSTO1;YWHAB;CCT6A;ERP44;CASP14;HSPB1;VDAC1;ORM1;STOM;ATP5F1B;PGK1;PARK7;PLG;NME1;DLD;TXNDC5;PEBP1;CCT7,Activation Of BH3-only Proteins R-HSA-114452,0.00023769512952188205,0.005191762039556898,24.80392156862745,206.9768611253808,YWHAE;YWHAB;YWHAZ;YWHAG
3,0.4611,72,SPTAN1;GPX3;ANXA2;GPI;PRDX2;LDHA;PDIA3;ENO2;TALDO1;UBE2H;RBX1;BLVRB;HSPA9;MAPK14;CCT5;HAGH;UQCRFS1;HP;CALR;ACTBL2;TPI1;HSP90B1;ATP5PD;PRDX3;YWHAG;PDIA6;SOD2;TCP1;GLRX3;GPX4;ORM2;P4HB;YWHAZ;EEF1G;DPYSL2;ACTG1;MMP2;YWHAE;ATP5F1A;PRDX6;CANX;LAP3;GSR;APOA1;GLO1;NDUFS8;IDH1;SOD3;CCT4;HSPD1;APOE;GLRX;ALDOA;ANXA1;GSTO1;YWHAB;CCT6A;ERP44;CASP14;HSPB1;VDAC1;ORM1;STOM;ATP5F1B;PGK1;PARK7;PLG;NME1;DLD;TXNDC5;PEBP1;CCT7,Transcriptional Regulation By TP53 R-HSA-3700989,0.0003612031011274063,0.007494964348393681,6.72,53.26319141360617,YWHAE;PRDX2;YWHAB;GSR;MAPK14;YWHAZ;YWHAG
3,0.4611,72,SPTAN1;GPX3;ANXA2;GPI;PRDX2;LDHA;PDIA3;ENO2;TALDO1;UBE2H;RBX1;BLVRB;HSPA9;MAPK14;CCT5;HAGH;UQCRFS1;HP;CALR;ACTBL2;TPI1;HSP90B1;ATP5PD;PRDX3;YWHAG;PDIA6;SOD2;TCP1;GLRX3;GPX4;ORM2;P4HB;YWHAZ;EEF1G;DPYSL2;ACTG1;MMP2;YWHAE;ATP5F1A;PRDX6;CANX;LAP3;GSR;APOA1;GLO1;NDUFS8;IDH1;SOD3;CCT4;HSPD1;APOE;GLRX;ALDOA;ANXA1;GSTO1;YWHAB;CCT6A;ERP44;CASP14;HSPB1;VDAC1;ORM1;STOM;ATP5F1B;PGK1;PARK7;PLG;NME1;DLD;TXNDC5;PEBP1;CCT7,Cellular Response To Chemical Stress R-HSA-9711123,0.00044391288626872223,0.008603766488569286,4.383512544802867,33.84020054209261,PRDX3;PRDX2;GPX3;IDH1;GSR;TALDO1;BLVRB;P4HB;SOD3;RBX1
3,0.4611,72,SPTAN1;GPX3;ANXA2;GPI;PRDX2;LDHA;PDIA3;ENO2;TALDO1;UBE2H;RBX1;BLVRB;HSPA9;MAPK14;CCT5;HAGH;UQCRFS1;HP;CALR;ACTBL2;TPI1;HSP90B1;ATP5PD;PRDX3;YWHAG;PDIA6;SOD2;TCP1;GLRX3;GPX4;ORM2;P4HB;YWHAZ;EEF1G;DPYSL2;ACTG1;MMP2;YWHAE;ATP5F1A;PRDX6;CANX;LAP3;GSR;APOA1;GLO1;NDUFS8;IDH1;SOD3;CCT4;HSPD1;APOE;GLRX;ALDOA;ANXA1;GSTO1;YWHAB;CCT6A;ERP44;CASP14;HSPB1;VDAC1;ORM1;STOM;ATP5F1B;PGK1;PARK7;PLG;NME1;DLD;TXNDC5;PEBP1;CCT7,Cristae Formation R-HSA-8949613,0.00045610328373138384,0.008603766488569286,18.58823529411765,142.99541428240002,HSPA9;ATP5F1A;ATP5F1B;ATP5PD
3,0.4611,72,SPTAN1;GPX3;ANXA2;GPI;PRDX2;LDHA;PDIA3;ENO2;TALDO1;UBE2H;RBX1;BLVRB;HSPA9;MAPK14;CCT5;HAGH;UQCRFS1;HP;CALR;ACTBL2;TPI1;HSP90B1;ATP5PD;PRDX3;YWHAG;PDIA6;SOD2;TCP1;GLRX3;GPX4;ORM2;P4HB;YWHAZ;EEF1G;DPYSL2;ACTG1;MMP2;YWHAE;ATP5F1A;PRDX6;CANX;LAP3;GSR;APOA1;GLO1;NDUFS8;IDH1;SOD3;CCT4;HSPD1;APOE;GLRX;ALDOA;ANXA1;GSTO1;YWHAB;CCT6A;ERP44;CASP14;HSPB1;VDAC1;ORM1;STOM;ATP5F1B;PGK1;PARK7;PLG;NME1;DLD;TXNDC5;PEBP1;CCT7,Cooperation Of PDCL (PhLP1) And TRiC/CCT In G-protein Beta Folding R-HSA-6814122,0.0005341595637342264,0.009148007913232047,10.439469320066335,78.65947999610744,CCT6A;TCP1;CCT7;CCT5;CCT4
3,0.4611,72,SPTAN1;GPX3;ANXA2;GPI;PRDX2;LDHA;PDIA3;ENO2;TALDO1;UBE2H;RBX1;BLVRB;HSPA9;MAPK14;CCT5;HAGH;UQCRFS1;HP;CALR;ACTBL2;TPI1;HSP90B1;ATP5PD;PRDX3;YWHAG;PDIA6;SOD2;TCP1;GLRX3;GPX4;ORM2;P4HB;YWHAZ;EEF1G;DPYSL2;ACTG1;MMP2;YWHAE;ATP5F1A;PRDX6;CANX;LAP3;GSR;APOA1;GLO1;NDUFS8;IDH1;SOD3;CCT4;HSPD1;APOE;GLRX;ALDOA;ANXA1;GSTO1;YWHAB;CCT6A;ERP44;CASP14;HSPB1;VDAC1;ORM1;STOM;ATP5F1B;PGK1;PARK7;PLG;NME1;DLD;TXNDC5;PEBP1;CCT7,Gene And Protein Expression By JAK-STAT Signaling After Interleukin-12 Stimulation R-HSA-8950505,0.0005341595637342264,0.009148007913232047,10.439469320066335,78.65947999610744,HSPA9;ANXA2;GSTO1;TCP1;TALDO1
3,0.4611,72,SPTAN1;GPX3;ANXA2;GPI;PRDX2;LDHA;PDIA3;ENO2;TALDO1;UBE2H;RBX1;BLVRB;HSPA9;MAPK14;CCT5;HAGH;UQCRFS1;HP;CALR;ACTBL2;TPI1;HSP90B1;ATP5PD;PRDX3;YWHAG;PDIA6;SOD2;TCP1;GLRX3;GPX4;ORM2;P4HB;YWHAZ;EEF1G;DPYSL2;ACTG1;MMP2;YWHAE;ATP5F1A;PRDX6;CANX;LAP3;GSR;APOA1;GLO1;NDUFS8;IDH1;SOD3;CCT4;HSPD1;APOE;GLRX;ALDOA;ANXA1;GSTO1;YWHAB;CCT6A;ERP44;CASP14;HSPB1;VDAC1;ORM1;STOM;ATP5F1B;PGK1;PARK7;PLG;NME1;DLD;TXNDC5;PEBP1;CCT7,BBSome-mediated Cargo-Targeting To Cilium R-HSA-5620922,0.0005731282066121282,0.009148007913232047,55.08695652173913,411.1911399587023,TCP1;CCT5;CCT4
3,0.4611,72,SPTAN1;GPX3;ANXA2;GPI;PRDX2;LDHA;PDIA3;ENO2;TALDO1;UBE2H;RBX1;BLVRB;HSPA9;MAPK14;CCT5;HAGH;UQCRFS1;HP;CALR;ACTBL2;TPI1;HSP90B1;ATP5PD;PRDX3;YWHAG;PDIA6;SOD2;TCP1;GLRX3;GPX4;ORM2;P4HB;YWHAZ;EEF1G;DPYSL2;ACTG1;MMP2;YWHAE;ATP5F1A;PRDX6;CANX;LAP3;GSR;APOA1;GLO1;NDUFS8;IDH1;SOD3;CCT4;HSPD1;APOE;GLRX;ALDOA;ANXA1;GSTO1;YWHAB;CCT6A;ERP44;CASP14;HSPB1;VDAC1;ORM1;STOM;ATP5F1B;PGK1;PARK7;PLG;NME1;DLD;TXNDC5;PEBP1;CCT7,Regulation Of Localization Of FOXO Transcription Factors R-HSA-9614399,0.0005731282066121282,0.009148007913232047,55.08695652173913,411.1911399587023,YWHAB;YWHAZ;YWHAG
3,0.4611,72,SPTAN1;GPX3;ANXA2;GPI;PRDX2;LDHA;PDIA3;ENO2;TALDO1;UBE2H;RBX1;BLVRB;HSPA9;MAPK14;CCT5;HAGH;UQCRFS1;HP;CALR;ACTBL2;TPI1;HSP90B1;ATP5PD;PRDX3;YWHAG;PDIA6;SOD2;TCP1;GLRX3;GPX4;ORM2;P4HB;YWHAZ;EEF1G;DPYSL2;ACTG1;MMP2;YWHAE;ATP5F1A;PRDX6;CANX;LAP3;GSR;APOA1;GLO1;NDUFS8;IDH1;SOD3;CCT4;HSPD1;APOE;GLRX;ALDOA;ANXA1;GSTO1;YWHAB;CCT6A;ERP44;CASP14;HSPB1;VDAC1;ORM1;STOM;ATP5F1B;PGK1;PARK7;PLG;NME1;DLD;TXNDC5;PEBP1;CCT7,Pyruvate Metabolism And Citric Acid (TCA) Cycle R-HSA-71406,0.0007877175759308382,0.012107510889307328,14.858823529411765,106.18666465130993,LDHA;GLO1;VDAC1;HAGH
3,0.4611,72,SPTAN1;GPX3;ANXA2;GPI;PRDX2;LDHA;PDIA3;ENO2;TALDO1;UBE2H;RBX1;BLVRB;HSPA9;MAPK14;CCT5;HAGH;UQCRFS1;HP;CALR;ACTBL2;TPI1;HSP90B1;ATP5PD;PRDX3;YWHAG;PDIA6;SOD2;TCP1;GLRX3;GPX4;ORM2;P4HB;YWHAZ;EEF1G;DPYSL2;ACTG1;MMP2;YWHAE;ATP5F1A;PRDX6;CANX;LAP3;GSR;APOA1;GLO1;NDUFS8;IDH1;SOD3;CCT4;HSPD1;APOE;GLRX;ALDOA;ANXA1;GSTO1;YWHAB;CCT6A;ERP44;CASP14;HSPB1;VDAC1;ORM1;STOM;ATP5F1B;PGK1;PARK7;PLG;NME1;DLD;TXNDC5;PEBP1;CCT7,Scavenging By Class A Receptors R-HSA-3000480,0.0012597273740631973,0.01802713311159403,12.372549019607844,82.60977704354053,APOA1;APOE;CALR;HSP90B1
3,0.4611,72,SPTAN1;GPX3;ANXA2;GPI;PRDX2;LDHA;PDIA3;ENO2;TALDO1;UBE2H;RBX1;BLVRB;HSPA9;MAPK14;CCT5;HAGH;UQCRFS1;HP;CALR;ACTBL2;TPI1;HSP90B1;ATP5PD;PRDX3;YWHAG;PDIA6;SOD2;TCP1;GLRX3;GPX4;ORM2;P4HB;YWHAZ;EEF1G;DPYSL2;ACTG1;MMP2;YWHAE;ATP5F1A;PRDX6;CANX;LAP3;GSR;APOA1;GLO1;NDUFS8;IDH1;SOD3;CCT4;HSPD1;APOE;GLRX;ALDOA;ANXA1;GSTO1;YWHAB;CCT6A;ERP44;CASP14;HSPB1;VDAC1;ORM1;STOM;ATP5F1B;PGK1;PARK7;PLG;NME1;DLD;TXNDC5;PEBP1;CCT7,G2/M DNA Damage Checkpoint R-HSA-69473,0.0012597273740631973,0.01802713311159403,12.372549019607844,82.60977704354053,YWHAE;YWHAB;YWHAZ;YWHAG
3,0.4611,72,SPTAN1;GPX3;ANXA2;GPI;PRDX2;LDHA;PDIA3;ENO2;TALDO1;UBE2H;RBX1;BLVRB;HSPA9;MAPK14;CCT5;HAGH;UQCRFS1;HP;CALR;ACTBL2;TPI1;HSP90B1;ATP5PD;PRDX3;YWHAG;PDIA6;SOD2;TCP1;GLRX3;GPX4;ORM2;P4HB;YWHAZ;EEF1G;DPYSL2;ACTG1;MMP2;YWHAE;ATP5F1A;PRDX6;CANX;LAP3;GSR;APOA1;GLO1;NDUFS8;IDH1;SOD3;CCT4;HSPD1;APOE;GLRX;ALDOA;ANXA1;GSTO1;YWHAB;CCT6A;ERP44;CASP14;HSPB1;VDAC1;ORM1;STOM;ATP5F1B;PGK1;PARK7;PLG;NME1;DLD;TXNDC5;PEBP1;CCT7,Calnexin/calreticulin Cycle R-HSA-901042,0.0013774854190946888,0.019055214964143197,27.52173913043478,181.29933548229886,PDIA3;CANX;CALR
3,0.4611,72,SPTAN1;GPX3;ANXA2;GPI;PRDX2;LDHA;PDIA3;ENO2;TALDO1;UBE2H;RBX1;BLVRB;HSPA9;MAPK14;CCT5;HAGH;UQCRFS1;HP;CALR;ACTBL2;TPI1;HSP90B1;ATP5PD;PRDX3;YWHAG;PDIA6;SOD2;TCP1;GLRX3;GPX4;ORM2;P4HB;YWHAZ;EEF1G;DPYSL2;ACTG1;MMP2;YWHAE;ATP5F1A;PRDX6;CANX;LAP3;GSR;APOA1;GLO1;NDUFS8;IDH1;SOD3;CCT4;HSPD1;APOE;GLRX;ALDOA;ANXA1;GSTO1;YWHAB;CCT6A;ERP44;CASP14;HSPB1;VDAC1;ORM1;STOM;ATP5F1B;PGK1;PARK7;PLG;NME1;DLD;TXNDC5;PEBP1;CCT7,Prefoldin Mediated Transfer Of Substrate To CCT/TriC R-HSA-389957,0.001453725412546987,0.019461162780870952,7.810945273631841,51.03379330753458,CCT6A;TCP1;CCT7;CCT5;CCT4
3,0.4611,72,SPTAN1;GPX3;ANXA2;GPI;PRDX2;LDHA;PDIA3;ENO2;TALDO1;UBE2H;RBX1;BLVRB;HSPA9;MAPK14;CCT5;HAGH;UQCRFS1;HP;CALR;ACTBL2;TPI1;HSP90B1;ATP5PD;PRDX3;YWHAG;PDIA6;SOD2;TCP1;GLRX3;GPX4;ORM2;P4HB;YWHAZ;EEF1G;DPYSL2;ACTG1;MMP2;YWHAE;ATP5F1A;PRDX6;CANX;LAP3;GSR;APOA1;GLO1;NDUFS8;IDH1;SOD3;CCT4;HSPD1;APOE;GLRX;ALDOA;ANXA1;GSTO1;YWHAB;CCT6A;ERP44;CASP14;HSPB1;VDAC1;ORM1;STOM;ATP5F1B;PGK1;PARK7;PLG;NME1;DLD;TXNDC5;PEBP1;CCT7,Signaling By Interleukins R-HSA-449147,0.0016014887697206265,0.020769307482314377,3.0283799763500197,19.493141648684443,HSPA9;ANXA1;ANXA2;GSTO1;MMP2;TALDO1;MAPK14;YWHAZ;RBX1;HSP90B1;TCP1;CANX;P4HB
3,0.4611,72,SPTAN1;GPX3;ANXA2;GPI;PRDX2;LDHA;PDIA3;ENO2;TALDO1;UBE2H;RBX1;BLVRB;HSPA9;MAPK14;CCT5;HAGH;UQCRFS1;HP;CALR;ACTBL2;TPI1;HSP90B1;ATP5PD;PRDX3;YWHAG;PDIA6;SOD2;TCP1;GLRX3;GPX4;ORM2;P4HB;YWHAZ;EEF1G;DPYSL2;ACTG1;MMP2;YWHAE;ATP5F1A;PRDX6;CANX;LAP3;GSR;APOA1;GLO1;NDUFS8;IDH1;SOD3;CCT4;HSPD1;APOE;GLRX;ALDOA;ANXA1;GSTO1;YWHAB;CCT6A;ERP44;CASP14;HSPB1;VDAC1;ORM1;STOM;ATP5F1B;PGK1;PARK7;PLG;NME1;DLD;TXNDC5;PEBP1;CCT7,Cooperation Of Prefoldin And TriC/CCT In Actin And Tubulin Folding R-HSA-389958,0.0019293692506157849,0.024263279969865173,7.2043628013777266,45.03131738808391,CCT6A;TCP1;CCT7;CCT5;CCT4
3,0.4611,72,SPTAN1;GPX3;ANXA2;GPI;PRDX2;LDHA;PDIA3;ENO2;TALDO1;UBE2H;RBX1;BLVRB;HSPA9;MAPK14;CCT5;HAGH;UQCRFS1;HP;CALR;ACTBL2;TPI1;HSP90B1;ATP5PD;PRDX3;YWHAG;PDIA6;SOD2;TCP1;GLRX3;GPX4;ORM2;P4HB;YWHAZ;EEF1G;DPYSL2;ACTG1;MMP2;YWHAE;ATP5F1A;PRDX6;CANX;LAP3;GSR;APOA1;GLO1;NDUFS8;IDH1;SOD3;CCT4;HSPD1;APOE;GLRX;ALDOA;ANXA1;GSTO1;YWHAB;CCT6A;ERP44;CASP14;HSPB1;VDAC1;ORM1;STOM;ATP5F1B;PGK1;PARK7;PLG;NME1;DLD;TXNDC5;PEBP1;CCT7,Formation Of ATP By Chemiosmotic Coupling R-HSA-163210,0.002648796281719161,0.03233089579157211,18.333333333333332,108.78358288403342,ATP5F1A;ATP5PD;ATP5F1B
3,0.4611,72,SPTAN1;GPX3;ANXA2;GPI;PRDX2;LDHA;PDIA3;ENO2;TALDO1;UBE2H;RBX1;BLVRB;HSPA9;MAPK14;CCT5;HAGH;UQCRFS1;HP;CALR;ACTBL2;TPI1;HSP90B1;ATP5PD;PRDX3;YWHAG;PDIA6;SOD2;TCP1;GLRX3;GPX4;ORM2;P4HB;YWHAZ;EEF1G;DPYSL2;ACTG1;MMP2;YWHAE;ATP5F1A;PRDX6;CANX;LAP3;GSR;APOA1;GLO1;NDUFS8;IDH1;SOD3;CCT4;HSPD1;APOE;GLRX;ALDOA;ANXA1;GSTO1;YWHAB;CCT6A;ERP44;CASP14;HSPB1;VDAC1;ORM1;STOM;ATP5F1B;PGK1;PARK7;PLG;NME1;DLD;TXNDC5;PEBP1;CCT7,Virus Assembly And Release R-HSA-168268,0.0028490387531282264,0.03284308562633928,inf,inf,CANX;CALR
3,0.4611,72,SPTAN1;GPX3;ANXA2;GPI;PRDX2;LDHA;PDIA3;ENO2;TALDO1;UBE2H;RBX1;BLVRB;HSPA9;MAPK14;CCT5;HAGH;UQCRFS1;HP;CALR;ACTBL2;TPI1;HSP90B1;ATP5PD;PRDX3;YWHAG;PDIA6;SOD2;TCP1;GLRX3;GPX4;ORM2;P4HB;YWHAZ;EEF1G;DPYSL2;ACTG1;MMP2;YWHAE;ATP5F1A;PRDX6;CANX;LAP3;GSR;APOA1;GLO1;NDUFS8;IDH1;SOD3;CCT4;HSPD1;APOE;GLRX;ALDOA;ANXA1;GSTO1;YWHAB;CCT6A;ERP44;CASP14;HSPB1;VDAC1;ORM1;STOM;ATP5F1B;PGK1;PARK7;PLG;NME1;DLD;TXNDC5;PEBP1;CCT7,KSRP (KHSRP) Binds And Destabilizes mRNA R-HSA-450604,0.0028490387531282264,0.03284308562633928,inf,inf,MAPK14;YWHAZ
3,0.4611,72,SPTAN1;GPX3;ANXA2;GPI;PRDX2;LDHA;PDIA3;ENO2;TALDO1;UBE2H;RBX1;BLVRB;HSPA9;MAPK14;CCT5;HAGH;UQCRFS1;HP;CALR;ACTBL2;TPI1;HSP90B1;ATP5PD;PRDX3;YWHAG;PDIA6;SOD2;TCP1;GLRX3;GPX4;ORM2;P4HB;YWHAZ;EEF1G;DPYSL2;ACTG1;MMP2;YWHAE;ATP5F1A;PRDX6;CANX;LAP3;GSR;APOA1;GLO1;NDUFS8;IDH1;SOD3;CCT4;HSPD1;APOE;GLRX;ALDOA;ANXA1;GSTO1;YWHAB;CCT6A;ERP44;CASP14;HSPB1;VDAC1;ORM1;STOM;ATP5F1B;PGK1;PARK7;PLG;NME1;DLD;TXNDC5;PEBP1;CCT7,Intrinsic Pathway For Apoptosis R-HSA-109606,0.003790308688753466,0.04251292177926185,8.22875816993464,45.87785973245511,YWHAE;YWHAB;YWHAZ;YWHAG
3,0.4611,72,SPTAN1;GPX3;ANXA2;GPI;PRDX2;LDHA;PDIA3;ENO2;TALDO1;UBE2H;RBX1;BLVRB;HSPA9;MAPK14;CCT5;HAGH;UQCRFS1;HP;CALR;ACTBL2;TPI1;HSP90B1;ATP5PD;PRDX3;YWHAG;PDIA6;SOD2;TCP1;GLRX3;GPX4;ORM2;P4HB;YWHAZ;EEF1G;DPYSL2;ACTG1;MMP2;YWHAE;ATP5F1A;PRDX6;CANX;LAP3;GSR;APOA1;GLO1;NDUFS8;IDH1;SOD3;CCT4;HSPD1;APOE;GLRX;ALDOA;ANXA1;GSTO1;YWHAB;CCT6A;ERP44;CASP14;HSPB1;VDAC1;ORM1;STOM;ATP5F1B;PGK1;PARK7;PLG;NME1;DLD;TXNDC5;PEBP1;CCT7,Chylomicron Assembly R-HSA-8963888,0.004457130972957631,0.047428444968651715,13.73913043478261,74.37334781989303,APOA1;APOE;P4HB
3,0.4611,72,SPTAN1;GPX3;ANXA2;GPI;PRDX2;LDHA;PDIA3;ENO2;TALDO1;UBE2H;RBX1;BLVRB;HSPA9;MAPK14;CCT5;HAGH;UQCRFS1;HP;CALR;ACTBL2;TPI1;HSP90B1;ATP5PD;PRDX3;YWHAG;PDIA6;SOD2;TCP1;GLRX3;GPX4;ORM2;P4HB;YWHAZ;EEF1G;DPYSL2;ACTG1;MMP2;YWHAE;ATP5F1A;PRDX6;CANX;LAP3;GSR;APOA1;GLO1;NDUFS8;IDH1;SOD3;CCT4;HSPD1;APOE;GLRX;ALDOA;ANXA1;GSTO1;YWHAB;CCT6A;ERP44;CASP14;HSPB1;VDAC1;ORM1;STOM;ATP5F1B;PGK1;PARK7;PLG;NME1;DLD;TXNDC5;PEBP1;CCT7,FOXO-mediated Transcription R-HSA-9614085,0.004457130972957631,0.047428444968651715,13.73913043478261,74.37334781989303,YWHAB;YWHAZ;YWHAG
18,0.4860,54,CD36;HPCAL1;ARG1;TMOD3;MAPRE1;PGRMC2;RAB5B;MAPK1;ELANE;CORO1B;COPS4;CDC42BPB;LTBP1;COPS6;ACTC1;VCAM1;S100A4;CNN2;GRB2;SLC25A3;RAB1B;CLTC;ESYT1;HPRT1;ARPC4;TJP2;ITIH4;EFNB1;DSTN;CLIP1;TMSB4X;PLXNB2;WIPF1;CDC42;STK24;LAMTOR1;ARPC5;RAB6A;ARPC2;ITGB2;AGT;EHD1;FCGR2A;CAPZB;COPS8;OSTF1;JUP;SPP1;ACTB;CRKL;CDH2;AHSG;RHOA;H4C1,Signaling By Rho GTPases R-HSA-194315,4.996015809138486e-09,1.3690094169126308e-06,7.052881758764111,134.8131905546667,JUP;WIPF1;TMOD3;CLTC;CDC42BPB;ARPC5;RHOA;COPS4;CDC42;CLIP1;PGRMC2;ACTC1;ARPC2;CAPZB;MAPK1;GRB2;ESYT1;LAMTOR1;MAPRE1;TJP2
18,0.4860,54,CD36;HPCAL1;ARG1;TMOD3;MAPRE1;PGRMC2;RAB5B;MAPK1;ELANE;CORO1B;COPS4;CDC42BPB;LTBP1;COPS6;ACTC1;VCAM1;S100A4;CNN2;GRB2;SLC25A3;RAB1B;CLTC;ESYT1;HPRT1;ARPC4;TJP2;ITIH4;EFNB1;DSTN;CLIP1;TMSB4X;PLXNB2;WIPF1;CDC42;STK24;LAMTOR1;ARPC5;RAB6A;ARPC2;ITGB2;AGT;EHD1;FCGR2A;CAPZB;COPS8;OSTF1;JUP;SPP1;ACTB;CRKL;CDH2;AHSG;RHOA;H4C1,"Signaling By Rho GTPases, Miro GTPases And RHOBTB3 R-HSA-9716542",5.837993249094375e-09,1.3690094169126308e-06,6.976470588235294,132.26605978219627,JUP;WIPF1;TMOD3;CLTC;CDC42BPB;ARPC5;RHOA;COPS4;CDC42;CLIP1;PGRMC2;ACTC1;ARPC2;CAPZB;MAPK1;GRB2;ESYT1;LAMTOR1;MAPRE1;TJP2
18,0.4860,54,CD36;HPCAL1;ARG1;TMOD3;MAPRE1;PGRMC2;RAB5B;MAPK1;ELANE;CORO1B;COPS4;CDC42BPB;LTBP1;COPS6;ACTC1;VCAM1;S100A4;CNN2;GRB2;SLC25A3;RAB1B;CLTC;ESYT1;HPRT1;ARPC4;TJP2;ITIH4;EFNB1;DSTN;CLIP1;TMSB4X;PLXNB2;WIPF1;CDC42;STK24;LAMTOR1;ARPC5;RAB6A;ARPC2;ITGB2;AGT;EHD1;FCGR2A;CAPZB;COPS8;OSTF1;JUP;SPP1;ACTB;CRKL;CDH2;AHSG;RHOA;H4C1,RHO GTPase Cycle R-HSA-9012999,2.6493541765214876e-07,4.141823695961926e-05,6.889140271493213,104.32762292205273,JUP;WIPF1;TMOD3;CLTC;CDC42BPB;RHOA;COPS4;CDC42;PGRMC2;ACTC1;CAPZB;GRB2;ESYT1;LAMTOR1;TJP2
18,0.4860,54,CD36;HPCAL1;ARG1;TMOD3;MAPRE1;PGRMC2;RAB5B;MAPK1;ELANE;CORO1B;COPS4;CDC42BPB;LTBP1;COPS6;ACTC1;VCAM1;S100A4;CNN2;GRB2;SLC25A3;RAB1B;CLTC;ESYT1;HPRT1;ARPC4;TJP2;ITIH4;EFNB1;DSTN;CLIP1;TMSB4X;PLXNB2;WIPF1;CDC42;STK24;LAMTOR1;ARPC5;RAB6A;ARPC2;ITGB2;AGT;EHD1;FCGR2A;CAPZB;COPS8;OSTF1;JUP;SPP1;ACTB;CRKL;CDH2;AHSG;RHOA;H4C1,Regulation Of Actin Dynamics For Phagocytic Cup Formation R-HSA-2029482,8.759788195781828e-06,0.0010270851659554192,13.53191489361702,157.58373398022533,CDC42;FCGR2A;ARPC2;WIPF1;MAPK1;GRB2;ARPC5
18,0.4860,54,CD36;HPCAL1;ARG1;TMOD3;MAPRE1;PGRMC2;RAB5B;MAPK1;ELANE;CORO1B;COPS4;CDC42BPB;LTBP1;COPS6;ACTC1;VCAM1;S100A4;CNN2;GRB2;SLC25A3;RAB1B;CLTC;ESYT1;HPRT1;ARPC4;TJP2;ITIH4;EFNB1;DSTN;CLIP1;TMSB4X;PLXNB2;WIPF1;CDC42;STK24;LAMTOR1;ARPC5;RAB6A;ARPC2;ITGB2;AGT;EHD1;FCGR2A;CAPZB;COPS8;OSTF1;JUP;SPP1;ACTB;CRKL;CDH2;AHSG;RHOA;H4C1,RHO GTPases Activate WASPs And WAVEs R-HSA-5663213,1.9015578731253892e-05,0.0017538665777203906,15.95,173.38051910549214,CDC42;ARPC2;WIPF1;MAPK1;GRB2;ARPC5
18,0.4860,54,CD36;HPCAL1;ARG1;TMOD3;MAPRE1;PGRMC2;RAB5B;MAPK1;ELANE;CORO1B;COPS4;CDC42BPB;LTBP1;COPS6;ACTC1;VCAM1;S100A4;CNN2;GRB2;SLC25A3;RAB1B;CLTC;ESYT1;HPRT1;ARPC4;TJP2;ITIH4;EFNB1;DSTN;CLIP1;TMSB4X;PLXNB2;WIPF1;CDC42;STK24;LAMTOR1;ARPC5;RAB6A;ARPC2;ITGB2;AGT;EHD1;FCGR2A;CAPZB;COPS8;OSTF1;JUP;SPP1;ACTB;CRKL;CDH2;AHSG;RHOA;H4C1,Fcgamma Receptor (FCGR) Dependent Phagocytosis R-HSA-2029480,2.3729510075034374e-05,0.0017538665777203906,11.117647058823529,118.38950142577454,CDC42;FCGR2A;ARPC2;WIPF1;MAPK1;GRB2;ARPC5
18,0.4860,54,CD36;HPCAL1;ARG1;TMOD3;MAPRE1;PGRMC2;RAB5B;MAPK1;ELANE;CORO1B;COPS4;CDC42BPB;LTBP1;COPS6;ACTC1;VCAM1;S100A4;CNN2;GRB2;SLC25A3;RAB1B;CLTC;ESYT1;HPRT1;ARPC4;TJP2;ITIH4;EFNB1;DSTN;CLIP1;TMSB4X;PLXNB2;WIPF1;CDC42;STK24;LAMTOR1;ARPC5;RAB6A;ARPC2;ITGB2;AGT;EHD1;FCGR2A;CAPZB;COPS8;OSTF1;JUP;SPP1;ACTB;CRKL;CDH2;AHSG;RHOA;H4C1,Clathrin-mediated Endocytosis R-HSA-8856828,2.6177113100304337e-05,0.0017538665777203906,8.772173913043478,92.55191804702959,COPS4;RAB5B;COPS6;ARPC2;CLTC;GRB2;ARPC5;COPS8
18,0.4860,54,CD36;HPCAL1;ARG1;TMOD3;MAPRE1;PGRMC2;RAB5B;MAPK1;ELANE;CORO1B;COPS4;CDC42BPB;LTBP1;COPS6;ACTC1;VCAM1;S100A4;CNN2;GRB2;SLC25A3;RAB1B;CLTC;ESYT1;HPRT1;ARPC4;TJP2;ITIH4;EFNB1;DSTN;CLIP1;TMSB4X;PLXNB2;WIPF1;CDC42;STK24;LAMTOR1;ARPC5;RAB6A;ARPC2;ITGB2;AGT;EHD1;FCGR2A;CAPZB;COPS8;OSTF1;JUP;SPP1;ACTB;CRKL;CDH2;AHSG;RHOA;H4C1,FCGR3A-mediated Phagocytosis R-HSA-9664422,8.120432657271146e-05,0.0047606036453252095,11.357142857142858,106.9677273327752,CDC42;ARPC2;WIPF1;MAPK1;GRB2;ARPC5
18,0.4860,54,CD36;HPCAL1;ARG1;TMOD3;MAPRE1;PGRMC2;RAB5B;MAPK1;ELANE;CORO1B;COPS4;CDC42BPB;LTBP1;COPS6;ACTC1;VCAM1;S100A4;CNN2;GRB2;SLC25A3;RAB1B;CLTC;ESYT1;HPRT1;ARPC4;TJP2;ITIH4;EFNB1;DSTN;CLIP1;TMSB4X;PLXNB2;WIPF1;CDC42;STK24;LAMTOR1;ARPC5;RAB6A;ARPC2;ITGB2;AGT;EHD1;FCGR2A;CAPZB;COPS8;OSTF1;JUP;SPP1;ACTB;CRKL;CDH2;AHSG;RHOA;H4C1,RHO GTPase Effectors R-HSA-195258,0.000186444346031862,0.009715822032104809,5.515555555555555,47.364159200689535,CDC42;CLIP1;ARPC2;WIPF1;MAPK1;GRB2;ARPC5;MAPRE1;RHOA
18,0.4860,54,CD36;HPCAL1;ARG1;TMOD3;MAPRE1;PGRMC2;RAB5B;MAPK1;ELANE;CORO1B;COPS4;CDC42BPB;LTBP1;COPS6;ACTC1;VCAM1;S100A4;CNN2;GRB2;SLC25A3;RAB1B;CLTC;ESYT1;HPRT1;ARPC4;TJP2;ITIH4;EFNB1;DSTN;CLIP1;TMSB4X;PLXNB2;WIPF1;CDC42;STK24;LAMTOR1;ARPC5;RAB6A;ARPC2;ITGB2;AGT;EHD1;FCGR2A;CAPZB;COPS8;OSTF1;JUP;SPP1;ACTB;CRKL;CDH2;AHSG;RHOA;H4C1,Signal Transduction R-HSA-162582,0.00033404964487784925,0.013865946822625888,2.797202797202797,22.38942919908862,JUP;WIPF1;TMOD3;CLTC;CDC42BPB;ARPC5;LTBP1;RHOA;CRKL;COPS4;CDC42;CLIP1;PGRMC2;ACTC1;STK24;ARPC2;CAPZB;MAPK1;GRB2;ESYT1;LAMTOR1;MAPRE1;RAB6A;TJP2
18,0.4860,54,CD36;HPCAL1;ARG1;TMOD3;MAPRE1;PGRMC2;RAB5B;MAPK1;ELANE;CORO1B;COPS4;CDC42BPB;LTBP1;COPS6;ACTC1;VCAM1;S100A4;CNN2;GRB2;SLC25A3;RAB1B;CLTC;ESYT1;HPRT1;ARPC4;TJP2;ITIH4;EFNB1;DSTN;CLIP1;TMSB4X;PLXNB2;WIPF1;CDC42;STK24;LAMTOR1;ARPC5;RAB6A;ARPC2;ITGB2;AGT;EHD1;FCGR2A;CAPZB;COPS8;OSTF1;JUP;SPP1;ACTB;CRKL;CDH2;AHSG;RHOA;H4C1,CDC42 GTPase Cycle R-HSA-9013148,0.0003774328215773032,0.013865946822625888,10.833333333333334,85.38961124631028,CDC42;JUP;WIPF1;CDC42BPB;LAMTOR1
18,0.4860,54,CD36;HPCAL1;ARG1;TMOD3;MAPRE1;PGRMC2;RAB5B;MAPK1;ELANE;CORO1B;COPS4;CDC42BPB;LTBP1;COPS6;ACTC1;VCAM1;S100A4;CNN2;GRB2;SLC25A3;RAB1B;CLTC;ESYT1;HPRT1;ARPC4;TJP2;ITIH4;EFNB1;DSTN;CLIP1;TMSB4X;PLXNB2;WIPF1;CDC42;STK24;LAMTOR1;ARPC5;RAB6A;ARPC2;ITGB2;AGT;EHD1;FCGR2A;CAPZB;COPS8;OSTF1;JUP;SPP1;ACTB;CRKL;CDH2;AHSG;RHOA;H4C1,Signaling By NTRK1 (TRKA) R-HSA-187037,0.0003774328215773032,0.013865946822625888,10.833333333333334,85.38961124631028,CLTC;MAPK1;GRB2;RHOA;CRKL
18,0.4860,54,CD36;HPCAL1;ARG1;TMOD3;MAPRE1;PGRMC2;RAB5B;MAPK1;ELANE;CORO1B;COPS4;CDC42BPB;LTBP1;COPS6;ACTC1;VCAM1;S100A4;CNN2;GRB2;SLC25A3;RAB1B;CLTC;ESYT1;HPRT1;ARPC4;TJP2;ITIH4;EFNB1;DSTN;CLIP1;TMSB4X;PLXNB2;WIPF1;CDC42;STK24;LAMTOR1;ARPC5;RAB6A;ARPC2;ITGB2;AGT;EHD1;FCGR2A;CAPZB;COPS8;OSTF1;JUP;SPP1;ACTB;CRKL;CDH2;AHSG;RHOA;H4C1,EPH-Ephrin Signaling R-HSA-2682334,0.00039976565460263057,0.013865946822625888,7.9125,61.91240106425028,CDC42;EFNB1;ARPC2;CLTC;ARPC5;RHOA
18,0.4860,54,CD36;HPCAL1;ARG1;TMOD3;MAPRE1;PGRMC2;RAB5B;MAPK1;ELANE;CORO1B;COPS4;CDC42BPB;LTBP1;COPS6;ACTC1;VCAM1;S100A4;CNN2;GRB2;SLC25A3;RAB1B;CLTC;ESYT1;HPRT1;ARPC4;TJP2;ITIH4;EFNB1;DSTN;CLIP1;TMSB4X;PLXNB2;WIPF1;CDC42;STK24;LAMTOR1;ARPC5;RAB6A;ARPC2;ITGB2;AGT;EHD1;FCGR2A;CAPZB;COPS8;OSTF1;JUP;SPP1;ACTB;CRKL;CDH2;AHSG;RHOA;H4C1,RHOQ GTPase Cycle R-HSA-9013406,0.0004139088603768922,0.013865946822625888,17.066666666666666,132.94702510747953,CDC42;JUP;CDC42BPB;LAMTOR1
18,0.4860,54,CD36;HPCAL1;ARG1;TMOD3;MAPRE1;PGRMC2;RAB5B;MAPK1;ELANE;CORO1B;COPS4;CDC42BPB;LTBP1;COPS6;ACTC1;VCAM1;S100A4;CNN2;GRB2;SLC25A3;RAB1B;CLTC;ESYT1;HPRT1;ARPC4;TJP2;ITIH4;EFNB1;DSTN;CLIP1;TMSB4X;PLXNB2;WIPF1;CDC42;STK24;LAMTOR1;ARPC5;RAB6A;ARPC2;ITGB2;AGT;EHD1;FCGR2A;CAPZB;COPS8;OSTF1;JUP;SPP1;ACTB;CRKL;CDH2;AHSG;RHOA;H4C1,Leishmania Infection R-HSA-9658195,0.000469184800488838,0.014669844761951002,6.235460992907801,47.79177705544382,CDC42;FCGR2A;ARPC2;WIPF1;MAPK1;GRB2;ARPC5
18,0.4860,54,CD36;HPCAL1;ARG1;TMOD3;MAPRE1;PGRMC2;RAB5B;MAPK1;ELANE;CORO1B;COPS4;CDC42BPB;LTBP1;COPS6;ACTC1;VCAM1;S100A4;CNN2;GRB2;SLC25A3;RAB1B;CLTC;ESYT1;HPRT1;ARPC4;TJP2;ITIH4;EFNB1;DSTN;CLIP1;TMSB4X;PLXNB2;WIPF1;CDC42;STK24;LAMTOR1;ARPC5;RAB6A;ARPC2;ITGB2;AGT;EHD1;FCGR2A;CAPZB;COPS8;OSTF1;JUP;SPP1;ACTB;CRKL;CDH2;AHSG;RHOA;H4C1,Signaling By NTRKs R-HSA-166520,0.0005066747776183521,0.014851904418937946,9.992150706436421,75.81685462120329,CLTC;MAPK1;GRB2;RHOA;CRKL
18,0.4860,54,CD36;HPCAL1;ARG1;TMOD3;MAPRE1;PGRMC2;RAB5B;MAPK1;ELANE;CORO1B;COPS4;CDC42BPB;LTBP1;COPS6;ACTC1;VCAM1;S100A4;CNN2;GRB2;SLC25A3;RAB1B;CLTC;ESYT1;HPRT1;ARPC4;TJP2;ITIH4;EFNB1;DSTN;CLIP1;TMSB4X;PLXNB2;WIPF1;CDC42;STK24;LAMTOR1;ARPC5;RAB6A;ARPC2;ITGB2;AGT;EHD1;FCGR2A;CAPZB;COPS8;OSTF1;JUP;SPP1;ACTB;CRKL;CDH2;AHSG;RHOA;H4C1,RHOJ GTPase Cycle R-HSA-9013409,0.0006310375357251812,0.017409212015006472,14.617142857142857,107.70123114279977,CDC42;JUP;CDC42BPB;LAMTOR1
18,0.4860,54,CD36;HPCAL1;ARG1;TMOD3;MAPRE1;PGRMC2;RAB5B;MAPK1;ELANE;CORO1B;COPS4;CDC42BPB;LTBP1;COPS6;ACTC1;VCAM1;S100A4;CNN2;GRB2;SLC25A3;RAB1B;CLTC;ESYT1;HPRT1;ARPC4;TJP2;ITIH4;EFNB1;DSTN;CLIP1;TMSB4X;PLXNB2;WIPF1;CDC42;STK24;LAMTOR1;ARPC5;RAB6A;ARPC2;ITGB2;AGT;EHD1;FCGR2A;CAPZB;COPS8;OSTF1;JUP;SPP1;ACTB;CRKL;CDH2;AHSG;RHOA;H4C1,EPHB-mediated Forward Signaling R-HSA-3928662,0.0012870287792202274,0.03353424985857148,11.351111111111111,75.54640043674604,CDC42;ARPC2;ARPC5;RHOA
18,0.4860,54,CD36;HPCAL1;ARG1;TMOD3;MAPRE1;PGRMC2;RAB5B;MAPK1;ELANE;CORO1B;COPS4;CDC42BPB;LTBP1;COPS6;ACTC1;VCAM1;S100A4;CNN2;GRB2;SLC25A3;RAB1B;CLTC;ESYT1;HPRT1;ARPC4;TJP2;ITIH4;EFNB1;DSTN;CLIP1;TMSB4X;PLXNB2;WIPF1;CDC42;STK24;LAMTOR1;ARPC5;RAB6A;ARPC2;ITGB2;AGT;EHD1;FCGR2A;CAPZB;COPS8;OSTF1;JUP;SPP1;ACTB;CRKL;CDH2;AHSG;RHOA;H4C1,Cargo Recognition For Clathrin-Mediated Endocytosis R-HSA-8856825,0.0013761273139039508,0.03396861632741858,7.617046818727491,50.1847760039175,COPS4;COPS6;CLTC;GRB2;COPS8
18,0.4860,54,CD36;HPCAL1;ARG1;TMOD3;MAPRE1;PGRMC2;RAB5B;MAPK1;ELANE;CORO1B;COPS4;CDC42BPB;LTBP1;COPS6;ACTC1;VCAM1;S100A4;CNN2;GRB2;SLC25A3;RAB1B;CLTC;ESYT1;HPRT1;ARPC4;TJP2;ITIH4;EFNB1;DSTN;CLIP1;TMSB4X;PLXNB2;WIPF1;CDC42;STK24;LAMTOR1;ARPC5;RAB6A;ARPC2;ITGB2;AGT;EHD1;FCGR2A;CAPZB;COPS8;OSTF1;JUP;SPP1;ACTB;CRKL;CDH2;AHSG;RHOA;H4C1,CD28 Dependent Vav1 Pathway R-HSA-389359,0.0015950550011596739,0.03562289502589938,inf,inf,CDC42;GRB2
18,0.4860,54,CD36;HPCAL1;ARG1;TMOD3;MAPRE1;PGRMC2;RAB5B;MAPK1;ELANE;CORO1B;COPS4;CDC42BPB;LTBP1;COPS6;ACTC1;VCAM1;S100A4;CNN2;GRB2;SLC25A3;RAB1B;CLTC;ESYT1;HPRT1;ARPC4;TJP2;ITIH4;EFNB1;DSTN;CLIP1;TMSB4X;PLXNB2;WIPF1;CDC42;STK24;LAMTOR1;ARPC5;RAB6A;ARPC2;ITGB2;AGT;EHD1;FCGR2A;CAPZB;COPS8;OSTF1;JUP;SPP1;ACTB;CRKL;CDH2;AHSG;RHOA;H4C1,Signal Attenuation R-HSA-74749,0.0015950550011596739,0.03562289502589938,inf,inf,MAPK1;GRB2
18,0.4860,54,CD36;HPCAL1;ARG1;TMOD3;MAPRE1;PGRMC2;RAB5B;MAPK1;ELANE;CORO1B;COPS4;CDC42BPB;LTBP1;COPS6;ACTC1;VCAM1;S100A4;CNN2;GRB2;SLC25A3;RAB1B;CLTC;ESYT1;HPRT1;ARPC4;TJP2;ITIH4;EFNB1;DSTN;CLIP1;TMSB4X;PLXNB2;WIPF1;CDC42;STK24;LAMTOR1;ARPC5;RAB6A;ARPC2;ITGB2;AGT;EHD1;FCGR2A;CAPZB;COPS8;OSTF1;JUP;SPP1;ACTB;CRKL;CDH2;AHSG;RHOA;H4C1,Formation Of TC-NER Pre-Incision Complex R-HSA-6781823,0.0019322957958359357,0.03940203166291538,18.852941176470587,117.81290515871298,COPS4;COPS6;COPS8
18,0.4860,54,CD36;HPCAL1;ARG1;TMOD3;MAPRE1;PGRMC2;RAB5B;MAPK1;ELANE;CORO1B;COPS4;CDC42BPB;LTBP1;COPS6;ACTC1;VCAM1;S100A4;CNN2;GRB2;SLC25A3;RAB1B;CLTC;ESYT1;HPRT1;ARPC4;TJP2;ITIH4;EFNB1;DSTN;CLIP1;TMSB4X;PLXNB2;WIPF1;CDC42;STK24;LAMTOR1;ARPC5;RAB6A;ARPC2;ITGB2;AGT;EHD1;FCGR2A;CAPZB;COPS8;OSTF1;JUP;SPP1;ACTB;CRKL;CDH2;AHSG;RHOA;H4C1,Transcription-Coupled Nucleotide Excision Repair (TC-NER) R-HSA-6781827,0.0019322957958359357,0.03940203166291538,18.852941176470587,117.81290515871298,COPS4;COPS6;COPS8
18,0.4860,54,CD36;HPCAL1;ARG1;TMOD3;MAPRE1;PGRMC2;RAB5B;MAPK1;ELANE;CORO1B;COPS4;CDC42BPB;LTBP1;COPS6;ACTC1;VCAM1;S100A4;CNN2;GRB2;SLC25A3;RAB1B;CLTC;ESYT1;HPRT1;ARPC4;TJP2;ITIH4;EFNB1;DSTN;CLIP1;TMSB4X;PLXNB2;WIPF1;CDC42;STK24;LAMTOR1;ARPC5;RAB6A;ARPC2;ITGB2;AGT;EHD1;FCGR2A;CAPZB;COPS8;OSTF1;JUP;SPP1;ACTB;CRKL;CDH2;AHSG;RHOA;H4C1,RHO GTPases Activate Formins R-HSA-5663220,0.002313109876202585,0.04520202216412552,9.272727272727273,56.27768764509646,CDC42;CLIP1;MAPRE1;RHOA
29,0.4523,51,ACTN4;BLOC1S1;HSP90AA1;VDAC3;UCHL3;HSPA8;FTL;UBA7;FTH1;DCTN1;PDIA4;RPLP2;RUVBL1;TUBA1C;AP3S1;VAPB;PROS1;EIF4E;PLEC;FKBP2;PFDN6;ACTR1A;BCL2L1;EIF5A;PSMB8;PSMC5;SUMO2;PPP1R7;SERPINA1;GNAQ;TUBA1A;AKAP12;TPD52L2;VBP1;VCP;ENO1;TPP1;SLC2A1;HSP90AB1;COPB2;CSK;CAMK1;NRP1;ELOC;PKM;PSMB10;MDH2;PPP1CB;SDF4;PLIN3;SKP1,G2/M Transition R-HSA-69275,1.4590056800289165e-05,0.0036475142000722913,7.067498581962564,78.69780032169882,PPP1CB;HSP90AA1;ACTR1A;PSMC5;TUBA1A;HSP90AB1;DCTN1;PSMB8;PSMB10;SKP1
29,0.4523,51,ACTN4;BLOC1S1;HSP90AA1;VDAC3;UCHL3;HSPA8;FTL;UBA7;FTH1;DCTN1;PDIA4;RPLP2;RUVBL1;TUBA1C;AP3S1;VAPB;PROS1;EIF4E;PLEC;FKBP2;PFDN6;ACTR1A;BCL2L1;EIF5A;PSMB8;PSMC5;SUMO2;PPP1R7;SERPINA1;GNAQ;TUBA1A;AKAP12;TPD52L2;VBP1;VCP;ENO1;TPP1;SLC2A1;HSP90AB1;COPB2;CSK;CAMK1;NRP1;ELOC;PKM;PSMB10;MDH2;PPP1CB;SDF4;PLIN3;SKP1,Mitotic G2-G2/M Phases R-HSA-453274,1.4590056800289165e-05,0.0036475142000722913,7.067498581962564,78.69780032169882,PPP1CB;HSP90AA1;ACTR1A;PSMC5;TUBA1A;HSP90AB1;DCTN1;PSMB8;PSMB10;SKP1
29,0.4523,51,ACTN4;BLOC1S1;HSP90AA1;VDAC3;UCHL3;HSPA8;FTL;UBA7;FTH1;DCTN1;PDIA4;RPLP2;RUVBL1;TUBA1C;AP3S1;VAPB;PROS1;EIF4E;PLEC;FKBP2;PFDN6;ACTR1A;BCL2L1;EIF5A;PSMB8;PSMC5;SUMO2;PPP1R7;SERPINA1;GNAQ;TUBA1A;AKAP12;TPD52L2;VBP1;VCP;ENO1;TPP1;SLC2A1;HSP90AB1;COPB2;CSK;CAMK1;NRP1;ELOC;PKM;PSMB10;MDH2;PPP1CB;SDF4;PLIN3;SKP1,Chaperone Mediated Autophagy R-HSA-9613829,2.647182899067702e-05,0.0044119714984461695,54.765957446808514,577.2019446284975,HSPA8;HSP90AA1;HSP90AB1;PLIN3
29,0.4523,51,ACTN4;BLOC1S1;HSP90AA1;VDAC3;UCHL3;HSPA8;FTL;UBA7;FTH1;DCTN1;PDIA4;RPLP2;RUVBL1;TUBA1C;AP3S1;VAPB;PROS1;EIF4E;PLEC;FKBP2;PFDN6;ACTR1A;BCL2L1;EIF5A;PSMB8;PSMC5;SUMO2;PPP1R7;SERPINA1;GNAQ;TUBA1A;AKAP12;TPD52L2;VBP1;VCP;ENO1;TPP1;SLC2A1;HSP90AB1;COPB2;CSK;CAMK1;NRP1;ELOC;PKM;PSMB10;MDH2;PPP1CB;SDF4;PLIN3;SKP1,Regulation Of PLK1 Activity At G2/M Transition R-HSA-2565942,4.196298256418336e-05,0.005168680652079843,13.087179487179487,131.9020529218769,PPP1CB;HSP90AA1;ACTR1A;TUBA1A;DCTN1;SKP1
29,0.4523,51,ACTN4;BLOC1S1;HSP90AA1;VDAC3;UCHL3;HSPA8;FTL;UBA7;FTH1;DCTN1;PDIA4;RPLP2;RUVBL1;TUBA1C;AP3S1;VAPB;PROS1;EIF4E;PLEC;FKBP2;PFDN6;ACTR1A;BCL2L1;EIF5A;PSMB8;PSMC5;SUMO2;PPP1R7;SERPINA1;GNAQ;TUBA1A;AKAP12;TPD52L2;VBP1;VCP;ENO1;TPP1;SLC2A1;HSP90AB1;COPB2;CSK;CAMK1;NRP1;ELOC;PKM;PSMB10;MDH2;PPP1CB;SDF4;PLIN3;SKP1,Cell Cycle R-HSA-1640170,5.1686806520798436e-05,0.005168680652079843,4.98051282051282,49.15919554656292,PPP1CB;TUBA1C;HSP90AA1;ACTR1A;PSMC5;TUBA1A;HSP90AB1;DCTN1;RUVBL1;PSMB8;PSMB10;SKP1
29,0.4523,51,ACTN4;BLOC1S1;HSP90AA1;VDAC3;UCHL3;HSPA8;FTL;UBA7;FTH1;DCTN1;PDIA4;RPLP2;RUVBL1;TUBA1C;AP3S1;VAPB;PROS1;EIF4E;PLEC;FKBP2;PFDN6;ACTR1A;BCL2L1;EIF5A;PSMB8;PSMC5;SUMO2;PPP1R7;SERPINA1;GNAQ;TUBA1A;AKAP12;TPD52L2;VBP1;VCP;ENO1;TPP1;SLC2A1;HSP90AB1;COPB2;CSK;CAMK1;NRP1;ELOC;PKM;PSMB10;MDH2;PPP1CB;SDF4;PLIN3;SKP1,HSP90 Chaperone Cycle For Steroid Hormone Receptors (SHR) In Presence Of Ligand R-HSA-3371497,6.702090774421373e-05,0.005585075645351144,17.404891304347824,167.26981111526456,HSPA8;ACTR1A;HSP90AA1;HSP90AB1;DCTN1
29,0.4523,51,ACTN4;BLOC1S1;HSP90AA1;VDAC3;UCHL3;HSPA8;FTL;UBA7;FTH1;DCTN1;PDIA4;RPLP2;RUVBL1;TUBA1C;AP3S1;VAPB;PROS1;EIF4E;PLEC;FKBP2;PFDN6;ACTR1A;BCL2L1;EIF5A;PSMB8;PSMC5;SUMO2;PPP1R7;SERPINA1;GNAQ;TUBA1A;AKAP12;TPD52L2;VBP1;VCP;ENO1;TPP1;SLC2A1;HSP90AB1;COPB2;CSK;CAMK1;NRP1;ELOC;PKM;PSMB10;MDH2;PPP1CB;SDF4;PLIN3;SKP1,"Cell Cycle, Mitotic R-HSA-69278",8.109185545708852e-05,0.0057922753897920376,5.095833333333333,48.00238324174461,PPP1CB;TUBA1C;HSP90AA1;ACTR1A;PSMC5;TUBA1A;HSP90AB1;DCTN1;PSMB8;PSMB10;SKP1
29,0.4523,51,ACTN4;BLOC1S1;HSP90AA1;VDAC3;UCHL3;HSPA8;FTL;UBA7;FTH1;DCTN1;PDIA4;RPLP2;RUVBL1;TUBA1C;AP3S1;VAPB;PROS1;EIF4E;PLEC;FKBP2;PFDN6;ACTR1A;BCL2L1;EIF5A;PSMB8;PSMC5;SUMO2;PPP1R7;SERPINA1;GNAQ;TUBA1A;AKAP12;TPD52L2;VBP1;VCP;ENO1;TPP1;SLC2A1;HSP90AB1;COPB2;CSK;CAMK1;NRP1;ELOC;PKM;PSMB10;MDH2;PPP1CB;SDF4;PLIN3;SKP1,Attenuation Phase R-HSA-3371568,0.0002025748137154841,0.010128740685774204,80.5,684.6043037806689,HSPA8;HSP90AA1;HSP90AB1
29,0.4523,51,ACTN4;BLOC1S1;HSP90AA1;VDAC3;UCHL3;HSPA8;FTL;UBA7;FTH1;DCTN1;PDIA4;RPLP2;RUVBL1;TUBA1C;AP3S1;VAPB;PROS1;EIF4E;PLEC;FKBP2;PFDN6;ACTR1A;BCL2L1;EIF5A;PSMB8;PSMC5;SUMO2;PPP1R7;SERPINA1;GNAQ;TUBA1A;AKAP12;TPD52L2;VBP1;VCP;ENO1;TPP1;SLC2A1;HSP90AB1;COPB2;CSK;CAMK1;NRP1;ELOC;PKM;PSMB10;MDH2;PPP1CB;SDF4;PLIN3;SKP1,Sema3A PAK Dependent Axon Repulsion R-HSA-399954,0.0002025748137154841,0.010128740685774204,80.5,684.6043037806689,NRP1;HSP90AA1;HSP90AB1
29,0.4523,51,ACTN4;BLOC1S1;HSP90AA1;VDAC3;UCHL3;HSPA8;FTL;UBA7;FTH1;DCTN1;PDIA4;RPLP2;RUVBL1;TUBA1C;AP3S1;VAPB;PROS1;EIF4E;PLEC;FKBP2;PFDN6;ACTR1A;BCL2L1;EIF5A;PSMB8;PSMC5;SUMO2;PPP1R7;SERPINA1;GNAQ;TUBA1A;AKAP12;TPD52L2;VBP1;VCP;ENO1;TPP1;SLC2A1;HSP90AB1;COPB2;CSK;CAMK1;NRP1;ELOC;PKM;PSMB10;MDH2;PPP1CB;SDF4;PLIN3;SKP1,HSF1-dependent Transactivation R-HSA-3371571,0.0002025748137154841,0.010128740685774204,80.5,684.6043037806689,HSPA8;HSP90AA1;HSP90AB1
29,0.4523,51,ACTN4;BLOC1S1;HSP90AA1;VDAC3;UCHL3;HSPA8;FTL;UBA7;FTH1;DCTN1;PDIA4;RPLP2;RUVBL1;TUBA1C;AP3S1;VAPB;PROS1;EIF4E;PLEC;FKBP2;PFDN6;ACTR1A;BCL2L1;EIF5A;PSMB8;PSMC5;SUMO2;PPP1R7;SERPINA1;GNAQ;TUBA1A;AKAP12;TPD52L2;VBP1;VCP;ENO1;TPP1;SLC2A1;HSP90AB1;COPB2;CSK;CAMK1;NRP1;ELOC;PKM;PSMB10;MDH2;PPP1CB;SDF4;PLIN3;SKP1,Golgi Associated Vesicle Biogenesis R-HSA-432722,0.0002868739841373581,0.013039726551698093,11.567028985507246,94.34609620339867,HSPA8;BLOC1S1;FTH1;AP3S1;FTL
29,0.4523,51,ACTN4;BLOC1S1;HSP90AA1;VDAC3;UCHL3;HSPA8;FTL;UBA7;FTH1;DCTN1;PDIA4;RPLP2;RUVBL1;TUBA1C;AP3S1;VAPB;PROS1;EIF4E;PLEC;FKBP2;PFDN6;ACTR1A;BCL2L1;EIF5A;PSMB8;PSMC5;SUMO2;PPP1R7;SERPINA1;GNAQ;TUBA1A;AKAP12;TPD52L2;VBP1;VCP;ENO1;TPP1;SLC2A1;HSP90AB1;COPB2;CSK;CAMK1;NRP1;ELOC;PKM;PSMB10;MDH2;PPP1CB;SDF4;PLIN3;SKP1,HSF1 Activation R-HSA-3371511,0.000492821021262162,0.019427034973197126,40.21875,306.28044057706984,VCP;HSP90AA1;HSP90AB1
29,0.4523,51,ACTN4;BLOC1S1;HSP90AA1;VDAC3;UCHL3;HSPA8;FTL;UBA7;FTH1;DCTN1;PDIA4;RPLP2;RUVBL1;TUBA1C;AP3S1;VAPB;PROS1;EIF4E;PLEC;FKBP2;PFDN6;ACTR1A;BCL2L1;EIF5A;PSMB8;PSMC5;SUMO2;PPP1R7;SERPINA1;GNAQ;TUBA1A;AKAP12;TPD52L2;VBP1;VCP;ENO1;TPP1;SLC2A1;HSP90AB1;COPB2;CSK;CAMK1;NRP1;ELOC;PKM;PSMB10;MDH2;PPP1CB;SDF4;PLIN3;SKP1,Selective Autophagy R-HSA-9663891,0.0005051029093031253,0.019427034973197126,15.586626139817628,118.31415694359578,HSPA8;HSP90AA1;VCP;PLIN3
29,0.4523,51,ACTN4;BLOC1S1;HSP90AA1;VDAC3;UCHL3;HSPA8;FTL;UBA7;FTH1;DCTN1;PDIA4;RPLP2;RUVBL1;TUBA1C;AP3S1;VAPB;PROS1;EIF4E;PLEC;FKBP2;PFDN6;ACTR1A;BCL2L1;EIF5A;PSMB8;PSMC5;SUMO2;PPP1R7;SERPINA1;GNAQ;TUBA1A;AKAP12;TPD52L2;VBP1;VCP;ENO1;TPP1;SLC2A1;HSP90AB1;COPB2;CSK;CAMK1;NRP1;ELOC;PKM;PSMB10;MDH2;PPP1CB;SDF4;PLIN3;SKP1,Cellular Responses To Stress R-HSA-2262752,0.0005769328203764442,0.019617868145665743,3.6985236985236987,27.582793552745628,HSPA8;HSP90AA1;ACTR1A;PSMC5;VCP;HSP90AB1;DCTN1;RPLP2;ELOC;PSMB8;PSMB10;SKP1
29,0.4523,51,ACTN4;BLOC1S1;HSP90AA1;VDAC3;UCHL3;HSPA8;FTL;UBA7;FTH1;DCTN1;PDIA4;RPLP2;RUVBL1;TUBA1C;AP3S1;VAPB;PROS1;EIF4E;PLEC;FKBP2;PFDN6;ACTR1A;BCL2L1;EIF5A;PSMB8;PSMC5;SUMO2;PPP1R7;SERPINA1;GNAQ;TUBA1A;AKAP12;TPD52L2;VBP1;VCP;ENO1;TPP1;SLC2A1;HSP90AB1;COPB2;CSK;CAMK1;NRP1;ELOC;PKM;PSMB10;MDH2;PPP1CB;SDF4;PLIN3;SKP1,Metabolism Of Proteins R-HSA-392499,0.0006063210334247434,0.019617868145665743,2.758868767055321,20.43797834529539,HSPA8;COPB2;VCP;SERPINA1;DCTN1;VBP1;PROS1;UCHL3;PSMB8;PSMB10;TUBA1C;ACTR1A;PSMC5;TUBA1A;GNAQ;RUVBL1;SUMO2;RPLP2;ELOC;EIF4E;PFDN6;SKP1
29,0.4523,51,ACTN4;BLOC1S1;HSP90AA1;VDAC3;UCHL3;HSPA8;FTL;UBA7;FTH1;DCTN1;PDIA4;RPLP2;RUVBL1;TUBA1C;AP3S1;VAPB;PROS1;EIF4E;PLEC;FKBP2;PFDN6;ACTR1A;BCL2L1;EIF5A;PSMB8;PSMC5;SUMO2;PPP1R7;SERPINA1;GNAQ;TUBA1A;AKAP12;TPD52L2;VBP1;VCP;ENO1;TPP1;SLC2A1;HSP90AB1;COPB2;CSK;CAMK1;NRP1;ELOC;PKM;PSMB10;MDH2;PPP1CB;SDF4;PLIN3;SKP1,Cellular Responses To Stimuli R-HSA-8953897,0.0006277717806613038,0.019617868145665743,3.6584615384615384,26.975058352172184,HSPA8;HSP90AA1;ACTR1A;PSMC5;VCP;HSP90AB1;DCTN1;RPLP2;ELOC;PSMB8;PSMB10;SKP1
29,0.4523,51,ACTN4;BLOC1S1;HSP90AA1;VDAC3;UCHL3;HSPA8;FTL;UBA7;FTH1;DCTN1;PDIA4;RPLP2;RUVBL1;TUBA1C;AP3S1;VAPB;PROS1;EIF4E;PLEC;FKBP2;PFDN6;ACTR1A;BCL2L1;EIF5A;PSMB8;PSMC5;SUMO2;PPP1R7;SERPINA1;GNAQ;TUBA1A;AKAP12;TPD52L2;VBP1;VCP;ENO1;TPP1;SLC2A1;HSP90AB1;COPB2;CSK;CAMK1;NRP1;ELOC;PKM;PSMB10;MDH2;PPP1CB;SDF4;PLIN3;SKP1,Cellular Response To Heat Stress R-HSA-3371556,0.000736425430989413,0.021659571499688616,13.627659574468085,98.30588296350233,HSPA8;HSP90AA1;VCP;HSP90AB1
29,0.4523,51,ACTN4;BLOC1S1;HSP90AA1;VDAC3;UCHL3;HSPA8;FTL;UBA7;FTH1;DCTN1;PDIA4;RPLP2;RUVBL1;TUBA1C;AP3S1;VAPB;PROS1;EIF4E;PLEC;FKBP2;PFDN6;ACTR1A;BCL2L1;EIF5A;PSMB8;PSMC5;SUMO2;PPP1R7;SERPINA1;GNAQ;TUBA1A;AKAP12;TPD52L2;VBP1;VCP;ENO1;TPP1;SLC2A1;HSP90AB1;COPB2;CSK;CAMK1;NRP1;ELOC;PKM;PSMB10;MDH2;PPP1CB;SDF4;PLIN3;SKP1,Neddylation R-HSA-8951664,0.000986981857804786,0.026397637713171676,5.383292383292384,37.25700700140324,PSMC5;VCP;ELOC;UCHL3;PSMB8;PSMB10;SKP1
29,0.4523,51,ACTN4;BLOC1S1;HSP90AA1;VDAC3;UCHL3;HSPA8;FTL;UBA7;FTH1;DCTN1;PDIA4;RPLP2;RUVBL1;TUBA1C;AP3S1;VAPB;PROS1;EIF4E;PLEC;FKBP2;PFDN6;ACTR1A;BCL2L1;EIF5A;PSMB8;PSMC5;SUMO2;PPP1R7;SERPINA1;GNAQ;TUBA1A;AKAP12;TPD52L2;VBP1;VCP;ENO1;TPP1;SLC2A1;HSP90AB1;COPB2;CSK;CAMK1;NRP1;ELOC;PKM;PSMB10;MDH2;PPP1CB;SDF4;PLIN3;SKP1,Autophagy R-HSA-9612973,0.001055905508526867,0.026397637713171676,8.132992327365729,55.73829646771744,HSPA8;HSP90AA1;VCP;HSP90AB1;PLIN3
29,0.4523,51,ACTN4;BLOC1S1;HSP90AA1;VDAC3;UCHL3;HSPA8;FTL;UBA7;FTH1;DCTN1;PDIA4;RPLP2;RUVBL1;TUBA1C;AP3S1;VAPB;PROS1;EIF4E;PLEC;FKBP2;PFDN6;ACTR1A;BCL2L1;EIF5A;PSMB8;PSMC5;SUMO2;PPP1R7;SERPINA1;GNAQ;TUBA1A;AKAP12;TPD52L2;VBP1;VCP;ENO1;TPP1;SLC2A1;HSP90AB1;COPB2;CSK;CAMK1;NRP1;ELOC;PKM;PSMB10;MDH2;PPP1CB;SDF4;PLIN3;SKP1,trans-Golgi Network Vesicle Budding R-HSA-199992,0.001055905508526867,0.026397637713171676,8.132992327365729,55.73829646771744,HSPA8;BLOC1S1;FTH1;AP3S1;FTL
29,0.4523,51,ACTN4;BLOC1S1;HSP90AA1;VDAC3;UCHL3;HSPA8;FTL;UBA7;FTH1;DCTN1;PDIA4;RPLP2;RUVBL1;TUBA1C;AP3S1;VAPB;PROS1;EIF4E;PLEC;FKBP2;PFDN6;ACTR1A;BCL2L1;EIF5A;PSMB8;PSMC5;SUMO2;PPP1R7;SERPINA1;GNAQ;TUBA1A;AKAP12;TPD52L2;VBP1;VCP;ENO1;TPP1;SLC2A1;HSP90AB1;COPB2;CSK;CAMK1;NRP1;ELOC;PKM;PSMB10;MDH2;PPP1CB;SDF4;PLIN3;SKP1,Translesion Synthesis By Y Family DNA Polymerases Bypasses Lesions On DNA Template R-HSA-110313,0.0014211695818236668,0.03229930867781061,inf,inf,VCP;UBA7
29,0.4523,51,ACTN4;BLOC1S1;HSP90AA1;VDAC3;UCHL3;HSPA8;FTL;UBA7;FTH1;DCTN1;PDIA4;RPLP2;RUVBL1;TUBA1C;AP3S1;VAPB;PROS1;EIF4E;PLEC;FKBP2;PFDN6;ACTR1A;BCL2L1;EIF5A;PSMB8;PSMC5;SUMO2;PPP1R7;SERPINA1;GNAQ;TUBA1A;AKAP12;TPD52L2;VBP1;VCP;ENO1;TPP1;SLC2A1;HSP90AB1;COPB2;CSK;CAMK1;NRP1;ELOC;PKM;PSMB10;MDH2;PPP1CB;SDF4;PLIN3;SKP1,Lipophagy R-HSA-9613354,0.0014211695818236668,0.03229930867781061,inf,inf,HSPA8;PLIN3
29,0.4523,51,ACTN4;BLOC1S1;HSP90AA1;VDAC3;UCHL3;HSPA8;FTL;UBA7;FTH1;DCTN1;PDIA4;RPLP2;RUVBL1;TUBA1C;AP3S1;VAPB;PROS1;EIF4E;PLEC;FKBP2;PFDN6;ACTR1A;BCL2L1;EIF5A;PSMB8;PSMC5;SUMO2;PPP1R7;SERPINA1;GNAQ;TUBA1A;AKAP12;TPD52L2;VBP1;VCP;ENO1;TPP1;SLC2A1;HSP90AB1;COPB2;CSK;CAMK1;NRP1;ELOC;PKM;PSMB10;MDH2;PPP1CB;SDF4;PLIN3;SKP1,Diseases Of Signal Transduction By Growth Factor Receptors And Second Messengers R-HSA-5663202,0.0017307935811160266,0.03330357424217681,3.5901249256395005,22.83023360112823,PPP1CB;HSP90AA1;PSMC5;VCP;DCTN1;CSK;PSMB8;PSMB10;BCL2L1;SKP1
29,0.4523,51,ACTN4;BLOC1S1;HSP90AA1;VDAC3;UCHL3;HSPA8;FTL;UBA7;FTH1;DCTN1;PDIA4;RPLP2;RUVBL1;TUBA1C;AP3S1;VAPB;PROS1;EIF4E;PLEC;FKBP2;PFDN6;ACTR1A;BCL2L1;EIF5A;PSMB8;PSMC5;SUMO2;PPP1R7;SERPINA1;GNAQ;TUBA1A;AKAP12;TPD52L2;VBP1;VCP;ENO1;TPP1;SLC2A1;HSP90AB1;COPB2;CSK;CAMK1;NRP1;ELOC;PKM;PSMB10;MDH2;PPP1CB;SDF4;PLIN3;SKP1,AURKA Activation By TPX2 R-HSA-8854518,0.0018650001575619014,0.03330357424217681,9.887814313346228,62.139911123502806,HSP90AA1;ACTR1A;TUBA1A;DCTN1
29,0.4523,51,ACTN4;BLOC1S1;HSP90AA1;VDAC3;UCHL3;HSPA8;FTL;UBA7;FTH1;DCTN1;PDIA4;RPLP2;RUVBL1;TUBA1C;AP3S1;VAPB;PROS1;EIF4E;PLEC;FKBP2;PFDN6;ACTR1A;BCL2L1;EIF5A;PSMB8;PSMC5;SUMO2;PPP1R7;SERPINA1;GNAQ;TUBA1A;AKAP12;TPD52L2;VBP1;VCP;ENO1;TPP1;SLC2A1;HSP90AB1;COPB2;CSK;CAMK1;NRP1;ELOC;PKM;PSMB10;MDH2;PPP1CB;SDF4;PLIN3;SKP1,Centrosome Maturation R-HSA-380287,0.0018650001575619014,0.03330357424217681,9.887814313346228,62.139911123502806,HSP90AA1;ACTR1A;TUBA1A;DCTN1
29,0.4523,51,ACTN4;BLOC1S1;HSP90AA1;VDAC3;UCHL3;HSPA8;FTL;UBA7;FTH1;DCTN1;PDIA4;RPLP2;RUVBL1;TUBA1C;AP3S1;VAPB;PROS1;EIF4E;PLEC;FKBP2;PFDN6;ACTR1A;BCL2L1;EIF5A;PSMB8;PSMC5;SUMO2;PPP1R7;SERPINA1;GNAQ;TUBA1A;AKAP12;TPD52L2;VBP1;VCP;ENO1;TPP1;SLC2A1;HSP90AB1;COPB2;CSK;CAMK1;NRP1;ELOC;PKM;PSMB10;MDH2;PPP1CB;SDF4;PLIN3;SKP1,Recruitment Of NuMA To Mitotic Centrosomes R-HSA-380320,0.0018650001575619014,0.03330357424217681,9.887814313346228,62.139911123502806,HSP90AA1;ACTR1A;TUBA1A;DCTN1
29,0.4523,51,ACTN4;BLOC1S1;HSP90AA1;VDAC3;UCHL3;HSPA8;FTL;UBA7;FTH1;DCTN1;PDIA4;RPLP2;RUVBL1;TUBA1C;AP3S1;VAPB;PROS1;EIF4E;PLEC;FKBP2;PFDN6;ACTR1A;BCL2L1;EIF5A;PSMB8;PSMC5;SUMO2;PPP1R7;SERPINA1;GNAQ;TUBA1A;AKAP12;TPD52L2;VBP1;VCP;ENO1;TPP1;SLC2A1;HSP90AB1;COPB2;CSK;CAMK1;NRP1;ELOC;PKM;PSMB10;MDH2;PPP1CB;SDF4;PLIN3;SKP1,DNA Repair R-HSA-73894,0.0018650001575619014,0.03330357424217681,9.887814313346228,62.139911123502806,VCP;UBA7;RUVBL1;SUMO2
29,0.4523,51,ACTN4;BLOC1S1;HSP90AA1;VDAC3;UCHL3;HSPA8;FTL;UBA7;FTH1;DCTN1;PDIA4;RPLP2;RUVBL1;TUBA1C;AP3S1;VAPB;PROS1;EIF4E;PLEC;FKBP2;PFDN6;ACTR1A;BCL2L1;EIF5A;PSMB8;PSMC5;SUMO2;PPP1R7;SERPINA1;GNAQ;TUBA1A;AKAP12;TPD52L2;VBP1;VCP;ENO1;TPP1;SLC2A1;HSP90AB1;COPB2;CSK;CAMK1;NRP1;ELOC;PKM;PSMB10;MDH2;PPP1CB;SDF4;PLIN3;SKP1,Loss Of Nlp From Mitotic Centrosomes R-HSA-380259,0.0018650001575619014,0.03330357424217681,9.887814313346228,62.139911123502806,HSP90AA1;ACTR1A;TUBA1A;DCTN1
29,0.4523,51,ACTN4;BLOC1S1;HSP90AA1;VDAC3;UCHL3;HSPA8;FTL;UBA7;FTH1;DCTN1;PDIA4;RPLP2;RUVBL1;TUBA1C;AP3S1;VAPB;PROS1;EIF4E;PLEC;FKBP2;PFDN6;ACTR1A;BCL2L1;EIF5A;PSMB8;PSMC5;SUMO2;PPP1R7;SERPINA1;GNAQ;TUBA1A;AKAP12;TPD52L2;VBP1;VCP;ENO1;TPP1;SLC2A1;HSP90AB1;COPB2;CSK;CAMK1;NRP1;ELOC;PKM;PSMB10;MDH2;PPP1CB;SDF4;PLIN3;SKP1,Chaperonin-mediated Protein Folding R-HSA-390466,0.0023488192893572064,0.039431309869113494,6.563146997929606,39.73225827672119,TUBA1C;TUBA1A;VBP1;GNAQ;PFDN6
29,0.4523,51,ACTN4;BLOC1S1;HSP90AA1;VDAC3;UCHL3;HSPA8;FTL;UBA7;FTH1;DCTN1;PDIA4;RPLP2;RUVBL1;TUBA1C;AP3S1;VAPB;PROS1;EIF4E;PLEC;FKBP2;PFDN6;ACTR1A;BCL2L1;EIF5A;PSMB8;PSMC5;SUMO2;PPP1R7;SERPINA1;GNAQ;TUBA1A;AKAP12;TPD52L2;VBP1;VCP;ENO1;TPP1;SLC2A1;HSP90AB1;COPB2;CSK;CAMK1;NRP1;ELOC;PKM;PSMB10;MDH2;PPP1CB;SDF4;PLIN3;SKP1,Post-translational Protein Modification R-HSA-597592,0.0023658785921468095,0.039431309869113494,2.6135265700483092,15.802964990844735,HSPA8;COPB2;VCP;SERPINA1;DCTN1;PROS1;UCHL3;PSMB8;PSMB10;TUBA1C;ACTR1A;PSMC5;TUBA1A;RUVBL1;SUMO2;ELOC;SKP1
29,0.4523,51,ACTN4;BLOC1S1;HSP90AA1;VDAC3;UCHL3;HSPA8;FTL;UBA7;FTH1;DCTN1;PDIA4;RPLP2;RUVBL1;TUBA1C;AP3S1;VAPB;PROS1;EIF4E;PLEC;FKBP2;PFDN6;ACTR1A;BCL2L1;EIF5A;PSMB8;PSMC5;SUMO2;PPP1R7;SERPINA1;GNAQ;TUBA1A;AKAP12;TPD52L2;VBP1;VCP;ENO1;TPP1;SLC2A1;HSP90AB1;COPB2;CSK;CAMK1;NRP1;ELOC;PKM;PSMB10;MDH2;PPP1CB;SDF4;PLIN3;SKP1,Protein Folding R-HSA-391251,0.002800358967875537,0.045167080127024785,6.259881422924901,36.79563099975026,TUBA1C;TUBA1A;VBP1;GNAQ;PFDN6
29,0.4523,51,ACTN4;BLOC1S1;HSP90AA1;VDAC3;UCHL3;HSPA8;FTL;UBA7;FTH1;DCTN1;PDIA4;RPLP2;RUVBL1;TUBA1C;AP3S1;VAPB;PROS1;EIF4E;PLEC;FKBP2;PFDN6;ACTR1A;BCL2L1;EIF5A;PSMB8;PSMC5;SUMO2;PPP1R7;SERPINA1;GNAQ;TUBA1A;AKAP12;TPD52L2;VBP1;VCP;ENO1;TPP1;SLC2A1;HSP90AB1;COPB2;CSK;CAMK1;NRP1;ELOC;PKM;PSMB10;MDH2;PPP1CB;SDF4;PLIN3;SKP1,Anchoring Of Basal Body To Plasma Membrane R-HSA-5620912,0.0030726610933537626,0.04655547111142065,8.353518821603927,48.32687137449221,HSP90AA1;ACTR1A;TUBA1A;DCTN1
29,0.4523,51,ACTN4;BLOC1S1;HSP90AA1;VDAC3;UCHL3;HSPA8;FTL;UBA7;FTH1;DCTN1;PDIA4;RPLP2;RUVBL1;TUBA1C;AP3S1;VAPB;PROS1;EIF4E;PLEC;FKBP2;PFDN6;ACTR1A;BCL2L1;EIF5A;PSMB8;PSMC5;SUMO2;PPP1R7;SERPINA1;GNAQ;TUBA1A;AKAP12;TPD52L2;VBP1;VCP;ENO1;TPP1;SLC2A1;HSP90AB1;COPB2;CSK;CAMK1;NRP1;ELOC;PKM;PSMB10;MDH2;PPP1CB;SDF4;PLIN3;SKP1,Prefoldin Mediated Transfer Of Substrate To CCT/TriC R-HSA-389957,0.0030726610933537626,0.04655547111142065,8.353518821603927,48.32687137449221,TUBA1C;TUBA1A;VBP1;PFDN6
