Term,0
REACTOME_ABC_FAMILY_PROTEINS_MEDIATED_TRANSPORT,0.05271238501651865
REACTOME_ABC_TRANSPORTER_DISORDERS,-0.00987422959156942
REACTOME_ACTIVATION_OF_APC_C_AND_APC_C_CDC20_MEDIATED_DEGRADATION_OF_MITOTIC_PROTEINS,-0.009008293611836556
REACTOME_ACTIVATION_OF_NF_KAPPAB_IN_B_CELLS,-0.047381186186146965
REACTOME_ADHERENS_JUNCTIONS_INTERACTIONS,-0.06189030525121613
REACTOME_AEROBIC_RESPIRATION_AND_RESPIRATORY_ELECTRON_TRANSPORT,0.16529695945235326
REACTOME_AMPK_INDUCED_ERAD_AND_LYSOSOME_MEDIATED_DEGRADATION_OF_PD_L1_CD274,-0.013705992311562363
REACTOME_AMYLOID_FIBER_FORMATION,-0.0616963969341027
REACTOME_ANCHORING_OF_THE_BASAL_BODY_TO_THE_PLASMA_MEMBRANE,0.2457446899467639
REACTOME_ANTIGEN_ACTIVATES_B_CELL_RECEPTOR_BCR_LEADING_TO_GENERATION_OF_SECOND_MESSENGERS,0.1943332273681515
REACTOME_ANTIGEN_PROCESSING_CROSS_PRESENTATION,-0.09620211566943691
REACTOME_ANTIGEN_PROCESSING_UBIQUITINATION_PROTEASOME_DEGRADATION,-0.07067659829205215
REACTOME_ANTIGEN_PROCESSING_UB_ATP_INDEPENDENT_PROTEASOMAL_DEGRADATION,-0.016753641773756673
REACTOME_ANTIMICROBIAL_MECHANISM_OF_IFN_STIMULATED_GENES,0.11919121187369576
REACTOME_ANTIMICROBIAL_PEPTIDES,0.055522438003263314
REACTOME_ANTI_INFLAMMATORY_RESPONSE_FAVOURING_LEISHMANIA_PARASITE_INFECTION,0.13770816182954754
REACTOME_APC_C_CDH1_MEDIATED_DEGRADATION_OF_CDC20_AND_OTHER_APC_C_CDH1_TARGETED_PROTEINS_IN_LATE_MITOSIS_EARLY_G1,-0.010445229305845178
REACTOME_APC_C_MEDIATED_DEGRADATION_OF_CELL_CYCLE_PROTEINS,-0.027012779011215432
REACTOME_APOPTOSIS,0.16627415075036459
REACTOME_APOPTOTIC_CLEAVAGE_OF_CELLULAR_PROTEINS,0.040939849920920306
REACTOME_APOPTOTIC_EXECUTION_PHASE,0.13115609418895258
REACTOME_ASPARAGINE_N_LINKED_GLYCOSYLATION,0.03941134271933073
REACTOME_ASSEMBLY_OF_COLLAGEN_FIBRILS_AND_OTHER_MULTIMERIC_STRUCTURES,0.09736778521243537
REACTOME_ASYMMETRIC_LOCALIZATION_OF_PCP_PROTEINS,-0.00522172652990678
REACTOME_AUF1_HNRNP_D0_BINDS_AND_DESTABILIZES_MRNA,0.0593123490651116
REACTOME_AURKA_ACTIVATION_BY_TPX2,0.2471070845072636
REACTOME_AUTOPHAGY,0.03904356076736178
REACTOME_BACTERIAL_INFECTION_PATHWAYS,0.21388384392254783
REACTOME_BETA_CATENIN_INDEPENDENT_WNT_SIGNALING,0.12737314771787261
REACTOME_BINDING_AND_UPTAKE_OF_LIGANDS_BY_SCAVENGER_RECEPTORS,0.1432586120875462
REACTOME_BIOLOGICAL_OXIDATIONS,0.41371186149888634
REACTOME_CARGO_RECOGNITION_FOR_CLATHRIN_MEDIATED_ENDOCYTOSIS,0.026831315930759287
REACTOME_CARGO_TRAFFICKING_TO_THE_PERICILIARY_MEMBRANE,0.2680408703529286
REACTOME_CD22_MEDIATED_BCR_REGULATION,0.18992883655709275
REACTOME_CDC42_GTPASE_CYCLE,-0.001118371205836829
REACTOME_CDK_MEDIATED_PHOSPHORYLATION_AND_REMOVAL_OF_CDC6,-0.007635068008014021
REACTOME_CELLULAR_RESPONSES_TO_MECHANICAL_STIMULI,-0.053568052625495716
REACTOME_CELLULAR_RESPONSE_TO_CHEMICAL_STRESS,0.11661153156024108
REACTOME_CELLULAR_RESPONSE_TO_HYPOXIA,0.010428291318084634
REACTOME_CELL_CELL_COMMUNICATION,0.02651838700857126
REACTOME_CELL_CYCLE,0.27267728511138256
REACTOME_CELL_CYCLE_CHECKPOINTS,0.2044673611732299
REACTOME_CELL_CYCLE_MITOTIC,0.2582154221520291
REACTOME_CELL_JUNCTION_ORGANIZATION,0.016491205170076562
REACTOME_CELL_SURFACE_INTERACTIONS_AT_THE_VASCULAR_WALL,0.2568727623493015
REACTOME_CILIUM_ASSEMBLY,0.3082636082139724
REACTOME_CIRCADIAN_CLOCK,-0.01022257643948715
REACTOME_CLASS_I_MHC_MEDIATED_ANTIGEN_PROCESSING_PRESENTATION,-0.1910820528050545
REACTOME_CLATHRIN_MEDIATED_ENDOCYTOSIS,0.08074293609627521
REACTOME_CLEC7A_DECTIN_1_SIGNALING,-0.05305132951146609
REACTOME_COLLAGEN_DEGRADATION,0.13769295069110185
REACTOME_COLLAGEN_FORMATION,0.14198531007603818
REACTOME_COMMON_PATHWAY_OF_FIBRIN_CLOT_FORMATION,0.07887508263468504
REACTOME_COMPLEMENT_CASCADE,0.17551529720969877
REACTOME_COOPERATION_OF_PREFOLDIN_AND_TRIC_CCT_IN_ACTIN_AND_TUBULIN_FOLDING,0.2064283427342665
REACTOME_COPII_MEDIATED_VESICLE_TRANSPORT,0.13459857386064283
REACTOME_COPI_DEPENDENT_GOLGI_TO_ER_RETROGRADE_TRAFFIC,0.13956982368728443
REACTOME_COPI_INDEPENDENT_GOLGI_TO_ER_RETROGRADE_TRAFFIC,0.10596281482757662
REACTOME_COPI_MEDIATED_ANTEROGRADE_TRANSPORT,0.19178903096302644
REACTOME_CO_INHIBITION_BY_PD_1,-0.07462083139914615
REACTOME_CREATION_OF_C4_AND_C2_ACTIVATORS,0.18145431777728863
REACTOME_CROSS_PRESENTATION_OF_SOLUBLE_EXOGENOUS_ANTIGENS_ENDOSOMES,0.009676340027083856
REACTOME_CYCLIN_A_CDK2_ASSOCIATED_EVENTS_AT_S_PHASE_ENTRY,-0.025249672939243937
REACTOME_CYTOKINE_SIGNALING_IN_IMMUNE_SYSTEM,-0.08717398183299653
REACTOME_C_TYPE_LECTIN_RECEPTORS_CLRS,-0.01451723675556053
REACTOME_DECTIN_1_MEDIATED_NONCANONICAL_NF_KB_SIGNALING,-0.02872674566775105
REACTOME_DEGRADATION_OF_AXIN,-0.0008908832038774489
REACTOME_DEGRADATION_OF_BETA_CATENIN_BY_THE_DESTRUCTION_COMPLEX,0.028538202389515196
REACTOME_DEGRADATION_OF_CRY_AND_PER_PROTEINS,-0.014435476899624674
REACTOME_DEGRADATION_OF_DVL,-0.0016392410822463157
REACTOME_DEGRADATION_OF_GLI1_BY_THE_PROTEASOME,-0.006568175629720951
REACTOME_DEGRADATION_OF_THE_EXTRACELLULAR_MATRIX,0.07318716826326851
REACTOME_DENGUE_VIRUS_ATTACHMENT_AND_ENTRY,0.11110929946310177
REACTOME_DENGUE_VIRUS_GENOME_TRANSLATION_AND_REPLICATION,0.14606706161725275
REACTOME_DENGUE_VIRUS_HOST_INTERACTIONS,-0.05686665744310005
REACTOME_DENGUE_VIRUS_INFECTION,0.11338631271292893
REACTOME_DEUBIQUITINATION,0.027262188867512905
REACTOME_DEVELOPMENTAL_CELL_LINEAGES,0.11169975563133316
REACTOME_DEVELOPMENTAL_CELL_LINEAGES_OF_THE_EXOCRINE_PANCREAS,-0.10743467834438229
REACTOME_DEVELOPMENTAL_CELL_LINEAGES_OF_THE_INTEGUMENTARY_SYSTEM,0.19888203514727548
REACTOME_DIFFERENTIATION_OF_KERATINOCYTES_IN_INTERFOLLICULAR_EPIDERMIS_IN_MAMMALIAN_SKIN,0.14825664596711677
REACTOME_DISEASES_ASSOCIATED_WITH_O_GLYCOSYLATION_OF_PROTEINS,0.23437349284359843
REACTOME_DISEASES_OF_GLYCOSYLATION,0.13607469334501526
REACTOME_DISEASES_OF_HEMOSTASIS,0.16263649919307796
REACTOME_DISEASES_OF_METABOLISM,-0.007428647613473283
REACTOME_DISEASES_OF_SIGNAL_TRANSDUCTION_BY_GROWTH_FACTOR_RECEPTORS_AND_SECOND_MESSENGERS,0.13844164607046322
REACTOME_DISORDERS_OF_TRANSMEMBRANE_TRANSPORTERS,-0.09946443086434696
REACTOME_DNA_REPAIR,0.04516721252791137
REACTOME_DNA_REPLICATION,0.006135806995385329
REACTOME_DNA_REPLICATION_PRE_INITIATION,0.013208724264284197
REACTOME_DOWNSTREAM_SIGNALING_EVENTS_OF_B_CELL_RECEPTOR_BCR,-0.033106347836037754
REACTOME_DOWNSTREAM_TCR_SIGNALING,-0.17825173669889202
REACTOME_ECM_PROTEOGLYCANS,-0.11509929511362689
REACTOME_ELASTIC_FIBRE_FORMATION,-0.04576559525710999
REACTOME_EPHB_MEDIATED_FORWARD_SIGNALING,0.05634735965493654
REACTOME_EPH_EPHRIN_SIGNALING,0.11562480853102908
REACTOME_ER_TO_GOLGI_ANTEROGRADE_TRANSPORT,0.1715681877880788
REACTOME_ESR_MEDIATED_SIGNALING,0.32444660564863964
REACTOME_EXTRACELLULAR_MATRIX_ORGANIZATION,0.00465359171502677
REACTOME_EXTRA_NUCLEAR_ESTROGEN_SIGNALING,0.29342316740614627
REACTOME_FACTORS_INVOLVED_IN_MEGAKARYOCYTE_DEVELOPMENT_AND_PLATELET_PRODUCTION,0.1540059612741486
REACTOME_FBXL7_DOWN_REGULATES_AURKA_DURING_MITOTIC_ENTRY_AND_IN_EARLY_MITOSIS,-0.018651915042606083
REACTOME_FCERI_MEDIATED_CA_2_MOBILIZATION,0.2312077190568383
REACTOME_FCERI_MEDIATED_MAPK_ACTIVATION,0.23150259495250206
REACTOME_FCERI_MEDIATED_NF_KB_ACTIVATION,0.16391026060482525
REACTOME_FCGAMMA_RECEPTOR_FCGR_DEPENDENT_PHAGOCYTOSIS,0.08368838936054711
REACTOME_FCGR3A_MEDIATED_IL10_SYNTHESIS,0.1699518218478076
REACTOME_FCGR_ACTIVATION,0.19283501062362493
REACTOME_FC_EPSILON_RECEPTOR_FCERI_SIGNALING,0.15576436231755397
REACTOME_FORMATION_OF_FIBRIN_CLOT_CLOTTING_CASCADE,0.08806038830775799
REACTOME_FORMATION_OF_PARAXIAL_MESODERM,-0.040573086825037206
REACTOME_FORMATION_OF_THE_CORNIFIED_ENVELOPE,0.1282732578618514
REACTOME_G1_S_DNA_DAMAGE_CHECKPOINTS,-0.028666371055277078
REACTOME_G2_M_CHECKPOINTS,0.0788979922049071
REACTOME_GASTRULATION,-0.06461859660087911
REACTOME_GENE_AND_PROTEIN_EXPRESSION_BY_JAK_STAT_SIGNALING_AFTER_INTERLEUKIN_12_STIMULATION,0.11927616813479025
REACTOME_GLYCOSAMINOGLYCAN_METABOLISM,0.2670302636325237
REACTOME_GOLGI_ASSOCIATED_VESICLE_BIOGENESIS,-0.19317550547906245
REACTOME_GOLGI_TO_ER_RETROGRADE_TRANSPORT,0.11367113656487134
REACTOME_GPCR_LIGAND_BINDING,-0.19257089636633476
REACTOME_GSK3B_MEDIATED_PROTEASOMAL_DEGRADATION_OF_PD_L1_CD274,0.008510000614307213
REACTOME_G_ALPHA_I_SIGNALLING_EVENTS,0.10895646890284237
REACTOME_G_ALPHA_Q_SIGNALLING_EVENTS,0.26442253033920887
REACTOME_G_ALPHA_S_SIGNALLING_EVENTS,0.23357783584563577
REACTOME_HCMV_INFECTION,0.18912198428035865
REACTOME_HEDGEHOG_LIGAND_BIOGENESIS,-0.008693648768362235
REACTOME_HEDGEHOG_OFF_STATE,0.15344414015712124
REACTOME_HEDGEHOG_ON_STATE,-0.061319830776540664
REACTOME_HEMOSTASIS,-0.17411867706603232
REACTOME_HH_MUTANTS_ABROGATE_LIGAND_SECRETION,-0.012241502884166843
REACTOME_HIGH_LAMINAR_FLOW_SHEAR_STRESS_ACTIVATES_SIGNALING_BY_PIEZO1_AND_PECAM1_CDH5_KDR_IN_ENDOTHELIAL_CELLS,0.20412986425530905
REACTOME_HIV_INFECTION,0.058073931459205155
REACTOME_HOST_INTERACTIONS_OF_HIV_FACTORS,0.03927292591479837
REACTOME_HSP90_CHAPERONE_CYCLE_FOR_STEROID_HORMONE_RECEPTORS_SHR_IN_THE_PRESENCE_OF_LIGAND,0.2053242791910905
REACTOME_IMMUNOREGULATORY_INTERACTIONS_BETWEEN_A_LYMPHOID_AND_A_NON_LYMPHOID_CELL,0.2649040915253121
REACTOME_INFLUENZA_INFECTION,0.22873208187730296
REACTOME_INITIAL_TRIGGERING_OF_COMPLEMENT,0.16730943322164343
REACTOME_INTEGRATION_OF_ENERGY_METABOLISM,0.26622698428837943
REACTOME_INTEGRIN_CELL_SURFACE_INTERACTIONS,0.04592923774863454
REACTOME_INTEGRIN_SIGNALING,-0.12899368902504804
REACTOME_INTERFERON_SIGNALING,-0.009750085668988653
REACTOME_INTERLEUKIN_12_FAMILY_SIGNALING,0.11925610818942217
REACTOME_INTERLEUKIN_12_SIGNALING,0.11518473644965567
REACTOME_INTERLEUKIN_1_FAMILY_SIGNALING,-0.05519938463332879
REACTOME_INTERLEUKIN_1_SIGNALING,0.048864254586857975
REACTOME_INTERLEUKIN_4_AND_INTERLEUKIN_13_SIGNALING,-0.08235879617447821
REACTOME_INTRACELLULAR_SIGNALING_BY_SECOND_MESSENGERS,0.02467655622102282
REACTOME_INTRA_GOLGI_AND_RETROGRADE_GOLGI_TO_ER_TRAFFIC,-0.03451307650822559
REACTOME_INTRINSIC_PATHWAY_OF_FIBRIN_CLOT_FORMATION,0.15559723369255768
REACTOME_KEAP1_NFE2L2_PATHWAY,0.054023278068139675
REACTOME_KERATINIZATION,0.1282732578618514
REACTOME_L1CAM_INTERACTIONS,0.19547616410200236
REACTOME_LEISHMANIA_INFECTION,0.11194184354838443
REACTOME_MAP2K_AND_MAPK_ACTIVATION,0.033394781809337484
REACTOME_MAPK1_MAPK3_SIGNALING,0.17491967400192265
REACTOME_MAPK6_MAPK4_SIGNALING,0.02302431732375416
REACTOME_MAPK_FAMILY_SIGNALING_CASCADES,0.1909368239092933
REACTOME_MEMBRANE_TRAFFICKING,0.06024717023795505
REACTOME_METABOLISM_OF_AMINO_ACIDS_AND_DERIVATIVES,0.19689012715017776
REACTOME_METABOLISM_OF_CARBOHYDRATES_AND_CARBOHYDRATE_DERIVATIVES,-0.18174202330134234
REACTOME_METABOLISM_OF_FAT_SOLUBLE_VITAMINS,-0.045383122832198634
REACTOME_METABOLISM_OF_LIPIDS,0.29488519864147855
REACTOME_METABOLISM_OF_POLYAMINES,0.0017132868452935893
REACTOME_METABOLISM_OF_VITAMINS_AND_COFACTORS,-0.19435703845291893
REACTOME_MHC_CLASS_II_ANTIGEN_PRESENTATION,-0.10513168258942426
REACTOME_MITF_M_DEPENDENT_GENE_EXPRESSION,-0.22897585276741567
REACTOME_MITF_M_REGULATED_MELANOCYTE_DEVELOPMENT,-0.1588325195164543
REACTOME_MITOCHONDRIAL_PROTEIN_DEGRADATION,0.21372305535329245
REACTOME_MITOTIC_G1_PHASE_AND_G1_S_TRANSITION,-0.06944391542505764
REACTOME_MITOTIC_G2_G2_M_PHASES,0.20392059361434087
REACTOME_MITOTIC_METAPHASE_AND_ANAPHASE,0.2160184344773292
REACTOME_MITOTIC_PROMETAPHASE,0.252973110316533
REACTOME_MOLECULES_ASSOCIATED_WITH_ELASTIC_FIBRES,-0.05936104775495731
REACTOME_MUSCLE_CONTRACTION,0.09394540118722743
REACTOME_M_PHASE,0.2486693104893926
REACTOME_NCAM_SIGNALING_FOR_NEURITE_OUT_GROWTH,0.09884916160272605
REACTOME_NEDDYLATION,0.01910885071072156
REACTOME_NEGATIVE_REGULATION_OF_NOTCH4_SIGNALING,-0.006715238586617041
REACTOME_NERVOUS_SYSTEM_DEVELOPMENT,0.18672460564519539
REACTOME_NEURONAL_SYSTEM,0.33591050378383824
REACTOME_NEUROTRANSMITTER_RECEPTORS_AND_POSTSYNAPTIC_SIGNAL_TRANSMISSION,0.2890089373637219
REACTOME_NEUTROPHIL_DEGRANULATION,-0.050463453917455416
REACTOME_NON_INTEGRIN_MEMBRANE_ECM_INTERACTIONS,-0.233537646257056
REACTOME_NUCLEAR_ENVELOPE_NE_REASSEMBLY,0.18715910753928297
REACTOME_NUCLEAR_EVENTS_MEDIATED_BY_NFE2L2,0.015211403032913694
REACTOME_ONCOGENIC_MAPK_SIGNALING,0.1227144457703256
REACTOME_OPIOID_SIGNALLING,0.30965318413552023
REACTOME_ORC1_REMOVAL_FROM_CHROMATIN,-0.04750659970849141
REACTOME_ORGANELLE_BIOGENESIS_AND_MAINTENANCE,0.26484838748324646
REACTOME_O_LINKED_GLYCOSYLATION,0.21699629489432132
REACTOME_P53_DEPENDENT_G1_DNA_DAMAGE_RESPONSE,-0.005783173661662149
REACTOME_PARASITE_INFECTION,0.1611729254459447
REACTOME_PCP_CE_PATHWAY,0.057898202432433446
REACTOME_PLASMA_LIPOPROTEIN_ASSEMBLY_REMODELING_AND_CLEARANCE,0.3291962349297723
REACTOME_PLASMA_LIPOPROTEIN_REMODELING,0.16718785438520195
REACTOME_PLATELET_ACTIVATION_SIGNALING_AND_AGGREGATION,-0.25636609542040956
REACTOME_PLATELET_AGGREGATION_PLUG_FORMATION,-0.14506494434555522
REACTOME_POTENTIAL_THERAPEUTICS_FOR_SARS,0.11802158501157527
REACTOME_PROGRAMMED_CELL_DEATH,0.12056254268276996
REACTOME_PROTEASOME_ASSEMBLY,-0.03464544678739197
REACTOME_PROTEIN_FOLDING,0.2630317655421347
REACTOME_PROTEIN_LOCALIZATION,0.17894969191173096
REACTOME_PTEN_REGULATION,0.11360698221572957
REACTOME_RAB_GEFS_EXCHANGE_GTP_FOR_GDP_ON_RABS,-0.07888745663571414
REACTOME_RAB_GERANYLGERANYLATION,-0.06173144892362727
REACTOME_RAB_REGULATION_OF_TRAFFICKING,-0.043188176452755675
REACTOME_RAC1_GTPASE_CYCLE,0.12047967003967124
REACTOME_RAC2_GTPASE_CYCLE,0.2880206078119357
REACTOME_RAC3_GTPASE_CYCLE,0.23721766990515852
REACTOME_RECRUITMENT_OF_MITOTIC_CENTROSOME_PROTEINS_AND_COMPLEXES,0.23751951314780406
REACTOME_RECRUITMENT_OF_NUMA_TO_MITOTIC_CENTROSOMES,0.25877719918738146
REACTOME_RECYCLING_PATHWAY_OF_L1,0.13999569442150267
REACTOME_REGULATION_OF_APOPTOSIS,0.0037331304465592296
REACTOME_REGULATION_OF_CDH1_FUNCTION,-0.10958757305541024
REACTOME_REGULATION_OF_EXPRESSION_OF_SLITS_AND_ROBOS,0.16123875541683805
REACTOME_REGULATION_OF_HOMOTYPIC_CELL_CELL_ADHESION,-0.029055209455423333
REACTOME_REGULATION_OF_INSULIN_LIKE_GROWTH_FACTOR_IGF_TRANSPORT_AND_UPTAKE_BY_INSULIN_LIKE_GROWTH_FACTOR_BINDING_PROTEINS_IGFBPS,0.23047136547725647
REACTOME_REGULATION_OF_INSULIN_SECRETION,0.25253860027097297
REACTOME_REGULATION_OF_MRNA_STABILITY_BY_PROTEINS_THAT_BIND_AU_RICH_ELEMENTS,0.1464949487562836
REACTOME_REGULATION_OF_ORNITHINE_DECARBOXYLASE_ODC,-0.0008908832038774489
REACTOME_REGULATION_OF_PD_L1_CD274_EXPRESSION,0.019394039219395986
REACTOME_REGULATION_OF_PD_L1_CD274_POST_TRANSLATIONAL_MODIFICATION,0.002917452833834478
REACTOME_REGULATION_OF_PLK1_ACTIVITY_AT_G2_M_TRANSITION,0.24925076415294792
REACTOME_REGULATION_OF_PTEN_STABILITY_AND_ACTIVITY,0.019152249483737196
REACTOME_REGULATION_OF_RAS_BY_GAPS,-0.006451661188006749
REACTOME_REGULATION_OF_RUNX2_EXPRESSION_AND_ACTIVITY,-0.012576991790461968
REACTOME_REGULATION_OF_RUNX3_EXPRESSION_AND_ACTIVITY,-0.04183717122591848
REACTOME_REGULATION_OF_T_CELL_ACTIVATION_BY_CD28_FAMILY,-0.06641886756508576
REACTOME_RESPIRATORY_ELECTRON_TRANSPORT,0.14313196782482338
REACTOME_RESPIRATORY_SYNCYTIAL_VIRUS_INFECTION_PATHWAY,0.07404113846836347
REACTOME_RESPONSE_TO_ELEVATED_PLATELET_CYTOSOLIC_CA2,-0.24193555746395498
REACTOME_RHOA_GTPASE_CYCLE,0.11884228868299579
REACTOME_RHOBTB_GTPASE_CYCLE,0.16405423088381493
REACTOME_RHOB_GTPASE_CYCLE,0.054464393856679165
REACTOME_RHOC_GTPASE_CYCLE,0.0894320069922454
REACTOME_RHOD_GTPASE_CYCLE,0.2316312424967576
REACTOME_RHOG_GTPASE_CYCLE,0.17684480002930247
REACTOME_RHO_GTPASES_ACTIVATE_FORMINS,0.16706239839543477
REACTOME_RHO_GTPASES_ACTIVATE_WASPS_AND_WAVES,0.07802038846977663
REACTOME_RHO_GTPASE_CYCLE,0.20907963468796403
REACTOME_RHO_GTPASE_EFFECTORS,0.21888843878833328
REACTOME_RIBOSOME_ASSOCIATED_QUALITY_CONTROL,0.16221047354640147
REACTOME_RIBOSOME_QUALITY_CONTROL_RQC_COMPLEX_EXTRACTS_AND_DEGRADES_NASCENT_PEPTIDE,0.1695981325576365
REACTOME_RNA_POLYMERASE_II_TRANSCRIPTION,-0.014980921819135464
REACTOME_ROLE_OF_LAT2_NTAL_LAB_ON_CALCIUM_MOBILIZATION,0.21629516047404213
REACTOME_ROLE_OF_PHOSPHOLIPIDS_IN_PHAGOCYTOSIS,0.17985130400269886
REACTOME_RUNX1_REGULATES_TRANSCRIPTION_OF_GENES_INVOLVED_IN_DIFFERENTIATION_OF_HSCS,0.023674629929293152
REACTOME_SARS_COV_1_HOST_INTERACTIONS,0.13885273828133513
REACTOME_SARS_COV_1_INFECTION,0.14713488051585888
REACTOME_SARS_COV_2_HOST_INTERACTIONS,0.06364161672005965
REACTOME_SARS_COV_2_INFECTION,-0.006221224085715247
REACTOME_SARS_COV_INFECTIONS,-0.1285597947100284
REACTOME_SCAVENGING_OF_HEME_FROM_PLASMA,0.16928856978906973
REACTOME_SCF_BETA_TRCP_MEDIATED_DEGRADATION_OF_EMI1,-0.01176522649163909
REACTOME_SCF_SKP2_MEDIATED_DEGRADATION_OF_P27_P21,-0.02149907360171542
REACTOME_SELECTIVE_AUTOPHAGY,0.133749993897167
REACTOME_SEMAPHORIN_INTERACTIONS,0.01942293158746141
REACTOME_SENSORY_PERCEPTION,0.032054523741907925
REACTOME_SEPARATION_OF_SISTER_CHROMATIDS,0.2170798266382755
REACTOME_SIGNALING_BY_ALK_IN_CANCER,0.21255861059665163
REACTOME_SIGNALING_BY_BRAF_AND_RAF1_FUSIONS,0.08353545886194085
REACTOME_SIGNALING_BY_GPCR,-0.0011313328921415478
REACTOME_SIGNALING_BY_HEDGEHOG,0.10037462899826873
REACTOME_SIGNALING_BY_INTERLEUKINS,-0.1753927291479201
REACTOME_SIGNALING_BY_MET,-0.04039056076579618
REACTOME_SIGNALING_BY_MODERATE_KINASE_ACTIVITY_BRAF_MUTANTS,0.05215971706766401
REACTOME_SIGNALING_BY_NOTCH,-0.00351186643982479
REACTOME_SIGNALING_BY_NOTCH4,-0.04595050158936371
REACTOME_SIGNALING_BY_NTRKS,0.2640174427130481
REACTOME_SIGNALING_BY_NUCLEAR_RECEPTORS,0.1171189089216929
REACTOME_SIGNALING_BY_PDGF,-0.23469328972542883
REACTOME_SIGNALING_BY_RECEPTOR_TYROSINE_KINASES,0.14613826006018996
REACTOME_SIGNALING_BY_RHO_GTPASES_MIRO_GTPASES_AND_RHOBTB3,0.2548640852600499
REACTOME_SIGNALING_BY_ROBO_RECEPTORS,0.18634203283377798
REACTOME_SIGNALING_BY_TGFB_FAMILY_MEMBERS,-0.3436114003980258
REACTOME_SIGNALING_BY_TGF_BETA_RECEPTOR_COMPLEX,-0.1341692489656475
REACTOME_SIGNALING_BY_THE_B_CELL_RECEPTOR_BCR,0.1153690600188843
REACTOME_SIGNALING_BY_VEGF,0.11345988758817328
REACTOME_SIGNALING_BY_WNT,0.21180382099942602
REACTOME_SOMITOGENESIS,-0.019176368340832573
REACTOME_SPOP_MEDIATED_PROTEASOMAL_DEGRADATION_OF_PD_L1_CD274,0.024573913969530466
REACTOME_STABILIZATION_OF_P53,-0.01044832605663906
REACTOME_SWITCHING_OF_ORIGINS_TO_A_POST_REPLICATIVE_STATE,-0.05931522879511223
REACTOME_SYNTHESIS_OF_DNA,-0.03817967390391497
REACTOME_S_PHASE,-0.04507202966636063
REACTOME_TCF_DEPENDENT_SIGNALING_IN_RESPONSE_TO_WNT,0.07096366876667279
REACTOME_TCR_SIGNALING,-0.2634337807958848
REACTOME_THE_ROLE_OF_GTSE1_IN_G2_M_PROGRESSION_AFTER_G2_CHECKPOINT,0.15447851136160445
REACTOME_TNFR2_NON_CANONICAL_NF_KB_PATHWAY,-0.08356873066555125
REACTOME_TOLL_LIKE_RECEPTOR_CASCADES,-0.03114587805622262
REACTOME_TOLL_LIKE_RECEPTOR_TLR1_TLR2_CASCADE,-0.007367809847949905
REACTOME_TP53_REGULATES_METABOLIC_GENES,0.0714970426027969
REACTOME_TRANSCRIPTIONAL_REGULATION_BY_RUNX1,-0.017159730024891812
REACTOME_TRANSCRIPTIONAL_REGULATION_BY_RUNX2,-0.008501307312052182
REACTOME_TRANSCRIPTIONAL_REGULATION_BY_RUNX3,-0.12467106845935122
REACTOME_TRANSCRIPTIONAL_REGULATION_BY_TP53,0.09263710302542606
REACTOME_TRANSLATION,0.2067690135694021
REACTOME_TRANSLOCATION_OF_SLC2A4_GLUT4_TO_THE_PLASMA_MEMBRANE,0.12351465293205205
REACTOME_TRANSMISSION_ACROSS_CHEMICAL_SYNAPSES,0.31270604069168134
REACTOME_TRANSPORT_OF_SMALL_MOLECULES,0.020969135426398628
REACTOME_TRANSPORT_TO_THE_GOLGI_AND_SUBSEQUENT_MODIFICATION,0.12249743319899457
REACTOME_TRANS_GOLGI_NETWORK_VESICLE_BUDDING,-0.22508144855775705
REACTOME_UBIQUITIN_DEPENDENT_DEGRADATION_OF_CYCLIN_D,-0.004499923120275484
REACTOME_UBIQUITIN_MEDIATED_DEGRADATION_OF_PHOSPHORYLATED_CDC25A,-0.027692088645026803
REACTOME_UB_SPECIFIC_PROCESSING_PROTEASES,0.006025179668961378
REACTOME_UCH_PROTEINASES,-0.01626984212075154
REACTOME_UNFOLDED_PROTEIN_RESPONSE_UPR,-0.026808855804125568
REACTOME_VIF_MEDIATED_DEGRADATION_OF_APOBEC3G,0.03482183947251106
REACTOME_VISUAL_PHOTOTRANSDUCTION,-0.12540586520246888
REACTOME_ABORTIVE_ELONGATION_OF_HIV_1_TRANSCRIPT_IN_THE_ABSENCE_OF_TAT,
REACTOME_ACTIVATION_OF_AMPK_DOWNSTREAM_OF_NMDARS,
REACTOME_ACTIVATION_OF_ANTERIOR_HOX_GENES_IN_HINDBRAIN_DEVELOPMENT_DURING_EARLY_EMBRYOGENESIS,
REACTOME_ACTIVATION_OF_BH3_ONLY_PROTEINS,
REACTOME_ACTIVATION_OF_GENE_EXPRESSION_BY_SREBF_SREBP,
REACTOME_ACTIVATION_OF_NMDA_RECEPTORS_AND_POSTSYNAPTIC_EVENTS,
REACTOME_ACTIVATION_OF_THE_MRNA_UPON_BINDING_OF_THE_CAP_BINDING_COMPLEX_AND_EIFS_AND_SUBSEQUENT_BINDING_TO_43S,
REACTOME_ADAPTIVE_IMMUNE_SYSTEM,
REACTOME_ADIPOGENESIS,
REACTOME_ADORA2B_MEDIATED_ANTI_INFLAMMATORY_CYTOKINES_PRODUCTION,
REACTOME_ADP_SIGNALLING_THROUGH_P2Y_PURINOCEPTOR_1,
REACTOME_AGGREPHAGY,
REACTOME_AMINO_ACIDS_REGULATE_MTORC1,
REACTOME_ANTIGEN_PRESENTATION_FOLDING_ASSEMBLY_AND_PEPTIDE_LOADING_OF_CLASS_I_MHC,
REACTOME_APOPTOTIC_FACTOR_MEDIATED_RESPONSE,
REACTOME_AQUAPORIN_MEDIATED_TRANSPORT,
REACTOME_ARACHIDONATE_METABOLISM,
REACTOME_ASSEMBLY_AND_CELL_SURFACE_PRESENTATION_OF_NMDA_RECEPTORS,
REACTOME_ASSOCIATION_OF_TRIC_CCT_WITH_TARGET_PROTEINS_DURING_BIOSYNTHESIS,
REACTOME_ATF4_ACTIVATES_GENES_IN_RESPONSE_TO_ENDOPLASMIC_RETICULUM_STRESS,
REACTOME_ATP_DEPENDENT_CHROMATIN_REMODELERS,
REACTOME_ATTENUATION_PHASE,
REACTOME_AZATHIOPRINE_ADME,
REACTOME_BASE_EXCISION_REPAIR,
REACTOME_BASIGIN_INTERACTIONS,
REACTOME_BILE_ACID_AND_BILE_SALT_METABOLISM,
REACTOME_BIOSYNTHESIS_OF_THE_N_GLYCAN_PRECURSOR_DOLICHOL_LIPID_LINKED_OLIGOSACCHARIDE_LLO_AND_TRANSFER_TO_A_NASCENT_PROTEIN,
REACTOME_BRANCHED_CHAIN_AMINO_ACID_CATABOLISM,
REACTOME_BUDDING_AND_MATURATION_OF_HIV_VIRION,
REACTOME_BUTYRATE_RESPONSE_FACTOR_1_BRF1_BINDS_AND_DESTABILIZES_MRNA,
REACTOME_B_WICH_COMPLEX_POSITIVELY_REGULATES_RRNA_EXPRESSION,
REACTOME_CA2_PATHWAY,
REACTOME_CALNEXIN_CALRETICULIN_CYCLE,
REACTOME_CARDIAC_CONDUCTION,
REACTOME_CARGO_CONCENTRATION_IN_THE_ER,
REACTOME_CA_DEPENDENT_EVENTS,
REACTOME_CD209_DC_SIGN_SIGNALING,
REACTOME_CD28_DEPENDENT_PI3K_AKT_SIGNALING,
REACTOME_CELLULAR_RESPONSES_TO_STIMULI,
REACTOME_CELLULAR_RESPONSE_TO_HEAT_STRESS,
REACTOME_CELLULAR_RESPONSE_TO_STARVATION,
REACTOME_CELLULAR_SENESCENCE,
REACTOME_CELL_DEATH_SIGNALLING_VIA_NRAGE_NRIF_AND_NADE,
REACTOME_CELL_EXTRACELLULAR_MATRIX_INTERACTIONS,
REACTOME_CHOLESTEROL_BIOSYNTHESIS,
REACTOME_CHONDROITIN_SULFATE_DERMATAN_SULFATE_METABOLISM,
REACTOME_CHROMATIN_ORGANIZATION,
REACTOME_CHROMOSOME_MAINTENANCE,
REACTOME_CITRIC_ACID_CYCLE_TCA_CYCLE,
REACTOME_CLASS_A_1_RHODOPSIN_LIKE_RECEPTORS,
REACTOME_CLASS_B_2_SECRETIN_FAMILY_RECEPTORS,
REACTOME_COLLAGEN_BIOSYNTHESIS_AND_MODIFYING_ENZYMES,
REACTOME_COLLAGEN_CHAIN_TRIMERIZATION,
REACTOME_COMPLEX_III_ASSEMBLY,
REACTOME_COMPLEX_IV_ASSEMBLY,
REACTOME_COMPLEX_I_BIOGENESIS,
REACTOME_CONSTITUTIVE_SIGNALING_BY_ABERRANT_PI3K_IN_CANCER,
REACTOME_COOPERATION_OF_PDCL_PHLP1_AND_TRIC_CCT_IN_G_PROTEIN_BETA_FOLDING,
REACTOME_CO_INHIBITION_BY_CTLA4,
REACTOME_CO_STIMULATION_BY_CD28,
REACTOME_CRISTAE_FORMATION,
REACTOME_CYCLIN_D_ASSOCIATED_EVENTS_IN_G1,
REACTOME_CYTOCHROME_P450_ARRANGED_BY_SUBSTRATE_TYPE,
REACTOME_CYTOPROTECTION_BY_HMOX1,
REACTOME_CYTOSOLIC_SENSORS_OF_PATHOGEN_ASSOCIATED_DNA,
REACTOME_CYTOSOLIC_TRNA_AMINOACYLATION,
REACTOME_DAG_AND_IP3_SIGNALING,
REACTOME_DAP12_INTERACTIONS,
REACTOME_DAP12_SIGNALING,
REACTOME_DARPP_32_EVENTS,
REACTOME_DDX58_IFIH1_MEDIATED_INDUCTION_OF_INTERFERON_ALPHA_BETA,
REACTOME_DEADENYLATION_DEPENDENT_MRNA_DECAY,
REACTOME_DEADENYLATION_OF_MRNA,
REACTOME_DEATH_RECEPTOR_SIGNALING,
REACTOME_DEFECTIVE_INTRINSIC_PATHWAY_FOR_APOPTOSIS,
REACTOME_DEFECTS_OF_CONTACT_ACTIVATION_SYSTEM_CAS_AND_KALLIKREIN_KININ_SYSTEM_KKS,
REACTOME_DENGUE_VIRUS_ACTIVATES_MODULATES_INNATE_AND_ADAPTIVE_IMMUNE_RESPONSES,
REACTOME_DETOXIFICATION_OF_REACTIVE_OXYGEN_SPECIES,
REACTOME_DEVELOPMENTAL_LINEAGES_OF_THE_MAMMARY_GLAND,
REACTOME_DEVELOPMENTAL_LINEAGE_OF_MAMMARY_GLAND_MYOEPITHELIAL_CELLS,
REACTOME_DEVELOPMENTAL_LINEAGE_OF_PANCREATIC_DUCTAL_CELLS,
REACTOME_DISASSEMBLY_OF_THE_DESTRUCTION_COMPLEX_AND_RECRUITMENT_OF_AXIN_TO_THE_MEMBRANE,
REACTOME_DISEASES_ASSOCIATED_WITH_GLYCOSAMINOGLYCAN_METABOLISM,
REACTOME_DISEASES_ASSOCIATED_WITH_N_GLYCOSYLATION_OF_PROTEINS,
REACTOME_DISEASES_OF_CARBOHYDRATE_METABOLISM,
REACTOME_DISEASES_OF_IMMUNE_SYSTEM,
REACTOME_DISEASES_OF_MITOTIC_CELL_CYCLE,
REACTOME_DISEASES_OF_PROGRAMMED_CELL_DEATH,
REACTOME_DNA_DAMAGE_BYPASS,
REACTOME_DNA_DAMAGE_RECOGNITION_IN_GG_NER,
REACTOME_DNA_DAMAGE_TELOMERE_STRESS_INDUCED_SENESCENCE,
REACTOME_DNA_DOUBLE_STRAND_BREAK_REPAIR,
REACTOME_DNA_DOUBLE_STRAND_BREAK_RESPONSE,
REACTOME_DNA_STRAND_ELONGATION,
REACTOME_DOWNREGULATION_OF_SMAD2_3_SMAD4_TRANSCRIPTIONAL_ACTIVITY,
REACTOME_DOWNSTREAM_SIGNAL_TRANSDUCTION,
REACTOME_DRUG_ADME,
REACTOME_DUAL_INCISION_IN_GG_NER,
REACTOME_DUAL_INCISION_IN_TC_NER,
REACTOME_E3_UBIQUITIN_LIGASES_UBIQUITINATE_TARGET_PROTEINS,
REACTOME_EARLY_SARS_COV_2_INFECTION_EVENTS,
REACTOME_EGFR_DOWNREGULATION,
REACTOME_ENDOSOMAL_SORTING_COMPLEX_REQUIRED_FOR_TRANSPORT_ESCRT,
REACTOME_ENERGY_DEPENDENT_REGULATION_OF_MTOR_BY_LKB1_AMPK,
REACTOME_EPHA_MEDIATED_GROWTH_CONE_COLLAPSE,
REACTOME_EPH_EPHRIN_MEDIATED_REPULSION_OF_CELLS,
REACTOME_EPIGENETIC_REGULATION_BY_WDR5_CONTAINING_HISTONE_MODIFYING_COMPLEXES,
REACTOME_EPIGENETIC_REGULATION_OF_GENE_EXPRESSION,
REACTOME_EPIGENETIC_REGULATION_OF_GENE_EXPRESSION_BY_MLL3_AND_MLL4_COMPLEXES,
REACTOME_ERCC6_CSB_AND_EHMT2_G9A_POSITIVELY_REGULATE_RRNA_EXPRESSION,
REACTOME_ESTROGEN_DEPENDENT_GENE_EXPRESSION,
REACTOME_EUKARYOTIC_TRANSLATION_ELONGATION,
REACTOME_EUKARYOTIC_TRANSLATION_INITIATION,
REACTOME_EXPORT_OF_VIRAL_RIBONUCLEOPROTEINS_FROM_NUCLEUS,
REACTOME_EXTENSION_OF_TELOMERES,
REACTOME_FATTY_ACID_METABOLISM,
REACTOME_FATTY_ACYL_COA_BIOSYNTHESIS,
REACTOME_FGFR1_MUTANT_RECEPTOR_ACTIVATION,
REACTOME_FGFR2_ALTERNATIVE_SPLICING,
REACTOME_FGFR2_MUTANT_RECEPTOR_ACTIVATION,
REACTOME_FLT3_SIGNALING,
REACTOME_FLT3_SIGNALING_IN_DISEASE,
REACTOME_FORMATION_OF_ATP_BY_CHEMIOSMOTIC_COUPLING,
REACTOME_FORMATION_OF_INCISION_COMPLEX_IN_GG_NER,
REACTOME_FORMATION_OF_RNA_POL_II_ELONGATION_COMPLEX,
REACTOME_FORMATION_OF_TC_NER_PRE_INCISION_COMPLEX,
REACTOME_FORMATION_OF_THE_BETA_CATENIN_TCF_TRANSACTIVATING_COMPLEX,
REACTOME_FORMATION_OF_THE_DYSTROPHIN_GLYCOPROTEIN_COMPLEX_DGC,
REACTOME_FORMATION_OF_THE_EARLY_ELONGATION_COMPLEX,
REACTOME_FORMATION_OF_TUBULIN_FOLDING_INTERMEDIATES_BY_CCT_TRIC,
REACTOME_FOXO_MEDIATED_TRANSCRIPTION,
REACTOME_G2_M_DNA_DAMAGE_CHECKPOINT,
REACTOME_GABA_B_RECEPTOR_ACTIVATION,
REACTOME_GABA_RECEPTOR_ACTIVATION,
REACTOME_GAMMA_CARBOXYLATION_HYPUSINYLATION_HYDROXYLATION_AND_ARYLSULFATASE_ACTIVATION,
REACTOME_GAP_JUNCTION_TRAFFICKING_AND_REGULATION,
REACTOME_GENERATION_OF_SECOND_MESSENGER_MOLECULES,
REACTOME_GENE_SILENCING_BY_RNA,
REACTOME_GLOBAL_GENOME_NUCLEOTIDE_EXCISION_REPAIR_GG_NER,
REACTOME_GLUCAGON_LIKE_PEPTIDE_1_GLP1_REGULATES_INSULIN_SECRETION,
REACTOME_GLUCAGON_SIGNALING_IN_METABOLIC_REGULATION,
REACTOME_GLUCONEOGENESIS,
REACTOME_GLUCOSE_METABOLISM,
REACTOME_GLUTATHIONE_CONJUGATION,
REACTOME_GLYCEROPHOSPHOLIPID_BIOSYNTHESIS,
REACTOME_GLYCOGEN_METABOLISM,
REACTOME_GLYCOSAMINOGLYCAN_PROTEIN_LINKAGE_REGION_BIOSYNTHESIS,
REACTOME_GLYCOSPHINGOLIPID_CATABOLISM,
REACTOME_GLYCOSPHINGOLIPID_METABOLISM,
REACTOME_GPER1_SIGNALING,
REACTOME_GPVI_MEDIATED_ACTIVATION_CASCADE,
REACTOME_GRB2_SOS_PROVIDES_LINKAGE_TO_MAPK_SIGNALING_FOR_INTEGRINS,
REACTOME_G_ALPHA_12_13_SIGNALLING_EVENTS,
REACTOME_G_ALPHA_Z_SIGNALLING_EVENTS,
REACTOME_G_PROTEIN_BETA_GAMMA_SIGNALLING,
REACTOME_G_PROTEIN_MEDIATED_EVENTS,
REACTOME_HATS_ACETYLATE_HISTONES,
REACTOME_HCMV_EARLY_EVENTS,
REACTOME_HCMV_LATE_EVENTS,
REACTOME_HDACS_DEACETYLATE_HISTONES,
REACTOME_HEME_SIGNALING,
REACTOME_HEPARAN_SULFATE_HEPARIN_HS_GAG_METABOLISM,
REACTOME_HIV_ELONGATION_ARREST_AND_RECOVERY,
REACTOME_HIV_LIFE_CYCLE,
REACTOME_HIV_TRANSCRIPTION_ELONGATION,
REACTOME_HIV_TRANSCRIPTION_INITIATION,
REACTOME_HOMOLOGY_DIRECTED_REPAIR,
REACTOME_HSF1_ACTIVATION,
REACTOME_HSF1_DEPENDENT_TRANSACTIVATION,
REACTOME_INFECTION_WITH_ENTEROBACTERIA,
REACTOME_INFECTION_WITH_MYCOBACTERIUM_TUBERCULOSIS,
REACTOME_INFECTIOUS_DISEASE,
REACTOME_INFLAMMASOMES,
REACTOME_INFLUENZA_VIRAL_RNA_TRANSCRIPTION_AND_REPLICATION,
REACTOME_INHIBITION_OF_DNA_RECOMBINATION_AT_TELOMERE,
REACTOME_INITIATION_OF_NUCLEAR_ENVELOPE_NE_REFORMATION,
REACTOME_INNATE_IMMUNE_SYSTEM,
REACTOME_INOSITOL_PHOSPHATE_METABOLISM,
REACTOME_INSERTION_OF_TAIL_ANCHORED_PROTEINS_INTO_THE_ENDOPLASMIC_RETICULUM_MEMBRANE,
REACTOME_INSULIN_PROCESSING,
REACTOME_INSULIN_RECEPTOR_RECYCLING,
REACTOME_INSULIN_RECEPTOR_SIGNALLING_CASCADE,
REACTOME_INTERACTIONS_OF_REV_WITH_HOST_CELLULAR_PROTEINS,
REACTOME_INTERACTIONS_OF_VPR_WITH_HOST_CELLULAR_PROTEINS,
REACTOME_INTERCONVERSION_OF_NUCLEOTIDE_DI_AND_TRIPHOSPHATES,
REACTOME_INTERFERON_ALPHA_BETA_SIGNALING,
REACTOME_INTERFERON_GAMMA_SIGNALING,
REACTOME_INTERLEUKIN_17_SIGNALING,
REACTOME_INTERLEUKIN_2_FAMILY_SIGNALING,
REACTOME_INTERLEUKIN_3_INTERLEUKIN_5_AND_GM_CSF_SIGNALING,
REACTOME_INTRAFLAGELLAR_TRANSPORT,
REACTOME_INTRA_GOLGI_TRAFFIC,
REACTOME_INTRINSIC_PATHWAY_FOR_APOPTOSIS,
REACTOME_ION_CHANNEL_TRANSPORT,
REACTOME_ION_HOMEOSTASIS,
REACTOME_ION_TRANSPORT_BY_P_TYPE_ATPASES,
REACTOME_IRE1ALPHA_ACTIVATES_CHAPERONES,
REACTOME_IRON_UPTAKE_AND_TRANSPORT,
REACTOME_IRS_MEDIATED_SIGNALLING,
REACTOME_ISG15_ANTIVIRAL_MECHANISM,
REACTOME_KINESINS,
REACTOME_KSRP_KHSRP_BINDS_AND_DESTABILIZES_MRNA,
REACTOME_LAMININ_INTERACTIONS,
REACTOME_LATE_ENDOSOMAL_MICROAUTOPHAGY,
REACTOME_LATE_SARS_COV_2_INFECTION_EVENTS,
REACTOME_LDL_CLEARANCE,
REACTOME_LYSOSOME_VESICLE_BIOGENESIS,
REACTOME_MAPK_TARGETS_NUCLEAR_EVENTS_MEDIATED_BY_MAP_KINASES,
REACTOME_MATERNAL_TO_ZYGOTIC_TRANSITION_MZT,
REACTOME_MATURATION_OF_DENV_PROTEINS,
REACTOME_MATURATION_OF_SARS_COV_2_SPIKE_PROTEIN,
REACTOME_MEIOSIS,
REACTOME_MEIOTIC_RECOMBINATION,
REACTOME_MEIOTIC_SYNAPSIS,
REACTOME_METABOLIC_DISORDERS_OF_BIOLOGICAL_OXIDATION_ENZYMES,
REACTOME_METABOLISM_OF_NUCLEOTIDES,
REACTOME_METABOLISM_OF_RNA,
REACTOME_METABOLISM_OF_STEROIDS,
REACTOME_METABOLISM_OF_WATER_SOLUBLE_VITAMINS_AND_COFACTORS,
REACTOME_MET_ACTIVATES_PTK2_SIGNALING,
REACTOME_MET_PROMOTES_CELL_MOTILITY,
REACTOME_MICRORNA_MIRNA_BIOGENESIS,
REACTOME_MITOCHONDRIAL_BIOGENESIS,
REACTOME_MITOCHONDRIAL_CALCIUM_ION_TRANSPORT,
REACTOME_MITOCHONDRIAL_FATTY_ACID_BETA_OXIDATION,
REACTOME_MITOCHONDRIAL_PROTEIN_IMPORT,
REACTOME_MITOCHONDRIAL_TRANSLATION,
REACTOME_MITOCHONDRIAL_TRANSLATION_ELONGATION,
REACTOME_MITOCHONDRIAL_TRNA_AMINOACYLATION,
REACTOME_MITOPHAGY,
REACTOME_MITOTIC_PROPHASE,
REACTOME_MITOTIC_SPINDLE_CHECKPOINT,
REACTOME_MRNA_3_END_PROCESSING,
REACTOME_MRNA_CAPPING,
REACTOME_MRNA_DECAY_BY_3_TO_5_EXORIBONUCLEASE,
REACTOME_MRNA_POLYADENYLATION,
REACTOME_MRNA_SPLICING,
REACTOME_MRNA_SPLICING_MINOR_PATHWAY,
REACTOME_MTORC1_MEDIATED_SIGNALLING,
REACTOME_MTOR_SIGNALLING,
REACTOME_MYD88_INDEPENDENT_TLR4_CASCADE,
REACTOME_M_DECAY_DEGRADATION_OF_MATERNAL_MRNAS_BY_MATERNALLY_STORED_FACTORS,
REACTOME_NEF_MEDIATES_DOWN_MODULATION_OF_CELL_SURFACE_RECEPTORS_BY_RECRUITING_THEM_TO_CLATHRIN_ADAPTERS,
REACTOME_NEGATIVE_EPIGENETIC_REGULATION_OF_RRNA_EXPRESSION,
REACTOME_NEGATIVE_REGULATION_OF_FGFR1_SIGNALING,
REACTOME_NEGATIVE_REGULATION_OF_MAPK_PATHWAY,
REACTOME_NEGATIVE_REGULATION_OF_MET_ACTIVITY,
REACTOME_NEGATIVE_REGULATION_OF_THE_PI3K_AKT_NETWORK,
REACTOME_NEGATIVE_REGULATORS_OF_DDX58_IFIH1_SIGNALING,
REACTOME_NEPHRIN_FAMILY_INTERACTIONS,
REACTOME_NETRIN_1_SIGNALING,
REACTOME_NEUROTRANSMITTER_RELEASE_CYCLE,
REACTOME_NICOTINATE_METABOLISM,
REACTOME_NOD1_2_SIGNALING_PATHWAY,
REACTOME_NONHOMOLOGOUS_END_JOINING_NHEJ,
REACTOME_NONSENSE_MEDIATED_DECAY_NMD,
REACTOME_NOTCH1_INTRACELLULAR_DOMAIN_REGULATES_TRANSCRIPTION,
REACTOME_NR1H2_AND_NR1H3_MEDIATED_SIGNALING,
REACTOME_NR1H3_NR1H2_REGULATE_GENE_EXPRESSION_LINKED_TO_CHOLESTEROL_TRANSPORT_AND_EFFLUX,
REACTOME_NRAGE_SIGNALS_DEATH_THROUGH_JNK,
REACTOME_NS1_MEDIATED_EFFECTS_ON_HOST_PATHWAYS,
REACTOME_NUCLEAR_ENVELOPE_BREAKDOWN,
REACTOME_NUCLEAR_EVENTS_KINASE_AND_TRANSCRIPTION_FACTOR_ACTIVATION,
REACTOME_NUCLEAR_EVENTS_STIMULATED_BY_ALK_SIGNALING_IN_CANCER,
REACTOME_NUCLEAR_IMPORT_OF_REV_PROTEIN,
REACTOME_NUCLEAR_PORE_COMPLEX_NPC_DISASSEMBLY,
REACTOME_NUCLEAR_RNA_DECAY,
REACTOME_NUCLEOTIDE_BINDING_DOMAIN_LEUCINE_RICH_REPEAT_CONTAINING_RECEPTOR_NLR_SIGNALING_PATHWAYS,
REACTOME_NUCLEOTIDE_CATABOLISM,
REACTOME_NUCLEOTIDE_EXCISION_REPAIR,
REACTOME_NUCLEOTIDE_SALVAGE,
REACTOME_N_GLYCAN_TRIMMING_IN_THE_ER_AND_CALNEXIN_CALRETICULIN_CYCLE,
REACTOME_OVARIAN_TUMOR_DOMAIN_PROTEASES,
REACTOME_OXIDATIVE_STRESS_INDUCED_SENESCENCE,
REACTOME_O_GLYCOSYLATION_OF_TSR_DOMAIN_CONTAINING_PROTEINS,
REACTOME_P130CAS_LINKAGE_TO_MAPK_SIGNALING_FOR_INTEGRINS,
REACTOME_P75_NTR_RECEPTOR_MEDIATED_SIGNALLING,
REACTOME_PEPTIDE_HORMONE_METABOLISM,
REACTOME_PEPTIDE_LIGAND_BINDING_RECEPTORS,
REACTOME_PERK_REGULATES_GENE_EXPRESSION,
REACTOME_PEROXISOMAL_LIPID_METABOLISM,
REACTOME_PEROXISOMAL_PROTEIN_IMPORT,
REACTOME_PHASE_II_CONJUGATION_OF_COMPOUNDS,
REACTOME_PHASE_I_FUNCTIONALIZATION_OF_COMPOUNDS,
REACTOME_PHOSPHOLIPID_METABOLISM,
REACTOME_PHOSPHORYLATION_OF_CD3_AND_TCR_ZETA_CHAINS,
REACTOME_PI3K_AKT_SIGNALING_IN_CANCER,
REACTOME_PINK1_PRKN_MEDIATED_MITOPHAGY,
REACTOME_PI_METABOLISM,
REACTOME_PKR_MEDIATED_SIGNALING,
REACTOME_PLASMA_LIPOPROTEIN_ASSEMBLY,
REACTOME_PLASMA_LIPOPROTEIN_CLEARANCE,
REACTOME_PLATELET_ADHESION_TO_EXPOSED_COLLAGEN,
REACTOME_PLATELET_HOMEOSTASIS,
REACTOME_PLATELET_SENSITIZATION_BY_LDL,
REACTOME_POSITIVE_EPIGENETIC_REGULATION_OF_RRNA_EXPRESSION,
REACTOME_POSTMITOTIC_NUCLEAR_PORE_COMPLEX_NPC_REFORMATION,
REACTOME_POST_CHAPERONIN_TUBULIN_FOLDING_PATHWAY,
REACTOME_POST_TRANSLATIONAL_MODIFICATION_SYNTHESIS_OF_GPI_ANCHORED_PROTEINS,
REACTOME_POST_TRANSLATIONAL_PROTEIN_MODIFICATION,
REACTOME_PRE_NOTCH_EXPRESSION_AND_PROCESSING,
REACTOME_PROCESSING_OF_CAPPED_INTRONLESS_PRE_MRNA,
REACTOME_PROCESSING_OF_CAPPED_INTRON_CONTAINING_PRE_MRNA,
REACTOME_PROCESSING_OF_DNA_DOUBLE_STRAND_BREAK_ENDS,
REACTOME_PROCESSING_OF_INTRONLESS_PRE_MRNAS,
REACTOME_PROTEIN_PROTEIN_INTERACTIONS_AT_SYNAPSES,
REACTOME_PROTEIN_UBIQUITINATION,
REACTOME_PURINERGIC_SIGNALING_IN_LEISHMANIASIS_INFECTION,
REACTOME_PYROPTOSIS,
REACTOME_PYRUVATE_METABOLISM,
REACTOME_RAF_ACTIVATION,
REACTOME_RECOGNITION_OF_DNA_DAMAGE_BY_PCNA_CONTAINING_REPLICATION_COMPLEX,
REACTOME_REGULATED_NECROSIS,
REACTOME_REGULATION_OF_CDH1_GENE_TRANSCRIPTION,
REACTOME_REGULATION_OF_CDH1_POSTTRANSLATIONAL_PROCESSING_AND_TRAFFICKING_TO_PLASMA_MEMBRANE,
REACTOME_REGULATION_OF_CHOLESTEROL_BIOSYNTHESIS_BY_SREBP_SREBF,
REACTOME_REGULATION_OF_ENDOGENOUS_RETROELEMENTS,
REACTOME_REGULATION_OF_ENDOGENOUS_RETROELEMENTS_BY_KRAB_ZFP_PROTEINS,
REACTOME_REGULATION_OF_ENDOGENOUS_RETROELEMENTS_BY_PIWI_INTERACTING_RNAS_PIRNAS,
REACTOME_REGULATION_OF_GLUCOKINASE_BY_GLUCOKINASE_REGULATORY_PROTEIN,
REACTOME_REGULATION_OF_HSF1_MEDIATED_HEAT_SHOCK_RESPONSE,
REACTOME_REGULATION_OF_LIPID_METABOLISM_BY_PPARALPHA,
REACTOME_REGULATION_OF_MECP2_EXPRESSION_AND_ACTIVITY,
REACTOME_REGULATION_OF_MITF_M_DEPENDENT_GENES_INVOLVED_IN_PIGMENTATION,
REACTOME_REGULATION_OF_PD_L1_CD274_TRANSCRIPTION,
REACTOME_REGULATION_OF_PTEN_GENE_TRANSCRIPTION,
REACTOME_REGULATION_OF_PYRUVATE_METABOLISM,
REACTOME_REGULATION_OF_SIGNALING_BY_CBL,
REACTOME_REGULATION_OF_TLR_BY_ENDOGENOUS_LIGAND,
REACTOME_REGULATION_OF_TP53_ACTIVITY,
REACTOME_REGULATION_OF_TP53_ACTIVITY_THROUGH_ACETYLATION,
REACTOME_REGULATION_OF_TP53_ACTIVITY_THROUGH_PHOSPHORYLATION,
REACTOME_REGULATION_OF_TP53_EXPRESSION_AND_DEGRADATION,
REACTOME_REPRODUCTION,
REACTOME_RESOLUTION_OF_ABASIC_SITES_AP_SITES,
REACTOME_RESOLUTION_OF_AP_SITES_VIA_THE_MULTIPLE_NUCLEOTIDE_PATCH_REPLACEMENT_PATHWAY,
REACTOME_RESOLUTION_OF_SISTER_CHROMATID_COHESION,
REACTOME_RESPIRATORY_SYNCYTIAL_VIRUS_RSV_ATTACHMENT_AND_ENTRY,
REACTOME_RESPIRATORY_SYNCYTIAL_VIRUS_RSV_GENOME_REPLICATION_TRANSCRIPTION_AND_TRANSLATION,
REACTOME_RESPONSE_OF_EIF2AK4_GCN2_TO_AMINO_ACID_DEFICIENCY,
REACTOME_RESPONSE_OF_MTB_TO_PHAGOCYTOSIS,
REACTOME_RETROGRADE_TRANSPORT_AT_THE_TRANS_GOLGI_NETWORK,
REACTOME_RET_SIGNALING,
REACTOME_RHOBTB1_GTPASE_CYCLE,
REACTOME_RHOBTB2_GTPASE_CYCLE,
REACTOME_RHOF_GTPASE_CYCLE,
REACTOME_RHOH_GTPASE_CYCLE,
REACTOME_RHOJ_GTPASE_CYCLE,
REACTOME_RHOQ_GTPASE_CYCLE,
REACTOME_RHOU_GTPASE_CYCLE,
REACTOME_RHOV_GTPASE_CYCLE,
REACTOME_RHO_GTPASES_ACTIVATE_CIT,
REACTOME_RHO_GTPASES_ACTIVATE_IQGAPS,
REACTOME_RHO_GTPASES_ACTIVATE_NADPH_OXIDASES,
REACTOME_RHO_GTPASES_ACTIVATE_PAKS,
REACTOME_RHO_GTPASES_ACTIVATE_PKNS,
REACTOME_RHO_GTPASES_ACTIVATE_ROCKS,
REACTOME_RIPK1_MEDIATED_REGULATED_NECROSIS,
REACTOME_RMTS_METHYLATE_HISTONE_ARGININES,
REACTOME_RNA_POLYMERASE_III_TRANSCRIPTION,
REACTOME_RNA_POLYMERASE_II_TRANSCRIBES_SNRNA_GENES,
REACTOME_RNA_POLYMERASE_II_TRANSCRIPTION_TERMINATION,
REACTOME_RNA_POLYMERASE_I_PROMOTER_ESCAPE,
REACTOME_RNA_POLYMERASE_I_TRANSCRIPTION,
REACTOME_RNA_POLYMERASE_I_TRANSCRIPTION_INITIATION,
REACTOME_RND1_GTPASE_CYCLE,
REACTOME_RND2_GTPASE_CYCLE,
REACTOME_RND3_GTPASE_CYCLE,
REACTOME_ROS_AND_RNS_PRODUCTION_IN_PHAGOCYTES,
REACTOME_RRNA_MODIFICATION_IN_THE_NUCLEUS_AND_CYTOSOL,
REACTOME_RRNA_PROCESSING,
REACTOME_RSV_HOST_INTERACTIONS,
REACTOME_RUNX1_INTERACTS_WITH_CO_FACTORS_WHOSE_PRECISE_EFFECT_ON_RUNX1_TARGETS_IS_NOT_KNOWN,
REACTOME_RUNX1_REGULATES_GENES_INVOLVED_IN_MEGAKARYOCYTE_DIFFERENTIATION_AND_PLATELET_FUNCTION,
REACTOME_SARS_COV_1_ACTIVATES_MODULATES_INNATE_IMMUNE_RESPONSES,
REACTOME_SARS_COV_1_MODULATES_HOST_TRANSLATION_MACHINERY,
REACTOME_SARS_COV_1_TARGETS_HOST_INTRACELLULAR_SIGNALLING_AND_REGULATORY_PATHWAYS,
REACTOME_SARS_COV_2_ACTIVATES_MODULATES_INNATE_AND_ADAPTIVE_IMMUNE_RESPONSES,
REACTOME_SARS_COV_2_MODULATES_HOST_TRANSLATION_MACHINERY,
REACTOME_SCAVENGING_BY_CLASS_A_RECEPTORS,
REACTOME_SEALING_OF_THE_NUCLEAR_ENVELOPE_NE_BY_ESCRT_III,
REACTOME_SELENOAMINO_ACID_METABOLISM,
REACTOME_SEMA4D_INDUCED_CELL_MIGRATION_AND_GROWTH_CONE_COLLAPSE,
REACTOME_SEMA4D_IN_SEMAPHORIN_SIGNALING,
REACTOME_SENESCENCE_ASSOCIATED_SECRETORY_PHENOTYPE_SASP,
REACTOME_SENSORY_PROCESSING_OF_SOUND,
REACTOME_SENSORY_PROCESSING_OF_SOUND_BY_OUTER_HAIR_CELLS_OF_THE_COCHLEA,
REACTOME_SIGNALING_BY_ALK,
REACTOME_SIGNALING_BY_CSF1_M_CSF_IN_MYELOID_CELLS,
REACTOME_SIGNALING_BY_CSF3_G_CSF,
REACTOME_SIGNALING_BY_EGFR,
REACTOME_SIGNALING_BY_ERBB2,
REACTOME_SIGNALING_BY_ERBB2_IN_CANCER,
REACTOME_SIGNALING_BY_ERBB4,
REACTOME_SIGNALING_BY_ERYTHROPOIETIN,
REACTOME_SIGNALING_BY_FGFR,
REACTOME_SIGNALING_BY_FGFR1,
REACTOME_SIGNALING_BY_FGFR1_IN_DISEASE,
REACTOME_SIGNALING_BY_FGFR2,
REACTOME_SIGNALING_BY_FGFR2_IIIA_TM,
REACTOME_SIGNALING_BY_FGFR2_IN_DISEASE,
REACTOME_SIGNALING_BY_FGFR3,
REACTOME_SIGNALING_BY_FGFR4,
REACTOME_SIGNALING_BY_FGFR_IN_DISEASE,
REACTOME_SIGNALING_BY_INSULIN_RECEPTOR,
REACTOME_SIGNALING_BY_KIT_IN_DISEASE,
REACTOME_SIGNALING_BY_NOTCH1,
REACTOME_SIGNALING_BY_NOTCH1_PEST_DOMAIN_MUTANTS_IN_CANCER,
REACTOME_SIGNALING_BY_NTRK2_TRKB,
REACTOME_SIGNALING_BY_PDGFR_IN_DISEASE,
REACTOME_SIGNALING_BY_PTK6,
REACTOME_SIGNALING_BY_RETINOIC_ACID,
REACTOME_SIGNALING_BY_SCF_KIT,
REACTOME_SIGNALING_BY_TGFBR3,
REACTOME_SIGNALING_BY_TYPE_1_INSULIN_LIKE_GROWTH_FACTOR_1_RECEPTOR_IGF1R,
REACTOME_SIGNALLING_TO_ERKS,
REACTOME_SIGNAL_AMPLIFICATION,
REACTOME_SIGNAL_TRANSDUCTION_BY_L1,
REACTOME_SLC_MEDIATED_TRANSMEMBRANE_TRANSPORT,
REACTOME_SLC_TRANSPORTER_DISORDERS,
REACTOME_SMOOTH_MUSCLE_CONTRACTION,
REACTOME_SNRNP_ASSEMBLY,
REACTOME_SPHINGOLIPID_DE_NOVO_BIOSYNTHESIS,
REACTOME_SPHINGOLIPID_METABOLISM,
REACTOME_SRP_DEPENDENT_COTRANSLATIONAL_PROTEIN_TARGETING_TO_MEMBRANE,
REACTOME_STIMULI_SENSING_CHANNELS,
REACTOME_SULFUR_AMINO_ACID_METABOLISM,
REACTOME_SUMOYLATION,
REACTOME_SUMOYLATION_OF_CHROMATIN_ORGANIZATION_PROTEINS,
REACTOME_SUMOYLATION_OF_DNA_DAMAGE_RESPONSE_AND_REPAIR_PROTEINS,
REACTOME_SUMOYLATION_OF_DNA_REPLICATION_PROTEINS,
REACTOME_SUMOYLATION_OF_RNA_BINDING_PROTEINS,
REACTOME_SUMOYLATION_OF_SUMOYLATION_PROTEINS,
REACTOME_SUMOYLATION_OF_TRANSCRIPTION_COFACTORS,
REACTOME_SUMOYLATION_OF_UBIQUITINYLATION_PROTEINS,
REACTOME_SYNDECAN_INTERACTIONS,
REACTOME_SYNTHESIS_OF_BILE_ACIDS_AND_BILE_SALTS,
REACTOME_SYNTHESIS_OF_IP3_AND_IP4_IN_THE_CYTOSOL,
REACTOME_SYNTHESIS_OF_PA,
REACTOME_SYNTHESIS_OF_PC,
REACTOME_SYNTHESIS_OF_PIPS_AT_THE_PLASMA_MEMBRANE,
REACTOME_SYNTHESIS_OF_SUBSTRATES_IN_N_GLYCAN_BIOSYTHESIS,
REACTOME_TAK1_DEPENDENT_IKK_AND_NF_KAPPA_B_ACTIVATION,
REACTOME_TBC_RABGAPS,
REACTOME_TELOMERE_MAINTENANCE,
REACTOME_TERMINATION_OF_TRANSLESION_DNA_SYNTHESIS,
REACTOME_TGF_BETA_RECEPTOR_SIGNALING_ACTIVATES_SMADS,
REACTOME_THE_ROLE_OF_NEF_IN_HIV_1_REPLICATION_AND_DISEASE_PATHOGENESIS,
REACTOME_THROMBIN_SIGNALLING_THROUGH_PROTEINASE_ACTIVATED_RECEPTORS_PARS,
REACTOME_TNFR1_INDUCED_NF_KAPPA_B_SIGNALING_PATHWAY,
REACTOME_TNF_SIGNALING,
REACTOME_TOLL_LIKE_RECEPTOR_9_TLR9_CASCADE,
REACTOME_TP53_REGULATES_TRANSCRIPTION_OF_CELL_CYCLE_GENES,
REACTOME_TP53_REGULATES_TRANSCRIPTION_OF_CELL_DEATH_GENES,
REACTOME_TP53_REGULATES_TRANSCRIPTION_OF_DNA_REPAIR_GENES,
REACTOME_TRAF6_MEDIATED_NF_KB_ACTIVATION,
REACTOME_TRANSCRIPTIONAL_ACTIVATION_OF_MITOCHONDRIAL_BIOGENESIS,
REACTOME_TRANSCRIPTIONAL_ACTIVITY_OF_SMAD2_SMAD3_SMAD4_HETEROTRIMER,
REACTOME_TRANSCRIPTIONAL_AND_POST_TRANSLATIONAL_REGULATION_OF_MITF_M_EXPRESSION_AND_ACTIVITY,
REACTOME_TRANSCRIPTIONAL_REGULATION_BY_MECP2,
REACTOME_TRANSCRIPTIONAL_REGULATION_BY_SMALL_RNAS,
REACTOME_TRANSCRIPTIONAL_REGULATION_BY_VENTX,
REACTOME_TRANSCRIPTIONAL_REGULATION_OF_BROWN_AND_BEIGE_ADIPOCYTE_DIFFERENTIATION,
REACTOME_TRANSCRIPTIONAL_REGULATION_OF_GRANULOPOIESIS,
REACTOME_TRANSCRIPTIONAL_REGULATION_OF_WHITE_ADIPOCYTE_DIFFERENTIATION,
REACTOME_TRANSCRIPTION_COUPLED_NUCLEOTIDE_EXCISION_REPAIR_TC_NER,
REACTOME_TRANSCRIPTION_OF_THE_HIV_GENOME,
REACTOME_TRANSFERRIN_ENDOCYTOSIS_AND_RECYCLING,
REACTOME_TRANSLATION_OF_SARS_COV_2_STRUCTURAL_PROTEINS,
REACTOME_TRANSLESION_SYNTHESIS_BY_Y_FAMILY_DNA_POLYMERASES_BYPASSES_LESIONS_ON_DNA_TEMPLATE,
REACTOME_TRANSPORT_OF_MATURE_MRNAS_DERIVED_FROM_INTRONLESS_TRANSCRIPTS,
REACTOME_TRANSPORT_OF_MATURE_TRANSCRIPT_TO_CYTOPLASM,
REACTOME_TRANSPORT_OF_THE_SLBP_DEPENDANT_MATURE_MRNA,
REACTOME_TRIGLYCERIDE_CATABOLISM,
REACTOME_TRIGLYCERIDE_METABOLISM,
REACTOME_TRISTETRAPROLIN_TTP_ZFP36_BINDS_AND_DESTABILIZES_MRNA,
REACTOME_TRNA_AMINOACYLATION,
REACTOME_TRNA_MODIFICATION_IN_THE_NUCLEUS_AND_CYTOSOL,
REACTOME_TRNA_PROCESSING,
REACTOME_TRNA_PROCESSING_IN_THE_NUCLEUS,
REACTOME_TURBULENT_OSCILLATORY_DISTURBED_FLOW_SHEAR_STRESS_ACTIVATES_SIGNALING_BY_PIEZO1_AND_INTEGRINS_IN_ENDOTHELIAL_CELLS,
REACTOME_VASOPRESSIN_REGULATES_RENAL_WATER_HOMEOSTASIS_VIA_AQUAPORINS,
REACTOME_VEGFR2_MEDIATED_VASCULAR_PERMEABILITY,
REACTOME_VESICLE_MEDIATED_TRANSPORT,
REACTOME_VIRAL_INFECTION_PATHWAYS,
REACTOME_VIRAL_MESSENGER_RNA_SYNTHESIS,
